-- MySQL dump 10.13  Distrib 5.7.9, for Win64 (x86_64)
--
-- Host: 127.0.0.1    Database: blog
-- ------------------------------------------------------
-- Server version	5.5.5-10.1.13-MariaDB

/*!40101 SET @OLD_CHARACTER_SET_CLIENT=@@CHARACTER_SET_CLIENT */;
/*!40101 SET @OLD_CHARACTER_SET_RESULTS=@@CHARACTER_SET_RESULTS */;
/*!40101 SET @OLD_COLLATION_CONNECTION=@@COLLATION_CONNECTION */;
/*!40101 SET NAMES utf8 */;
/*!40103 SET @OLD_TIME_ZONE=@@TIME_ZONE */;
/*!40103 SET TIME_ZONE='+00:00' */;
/*!40014 SET @OLD_UNIQUE_CHECKS=@@UNIQUE_CHECKS, UNIQUE_CHECKS=0 */;
/*!40014 SET @OLD_FOREIGN_KEY_CHECKS=@@FOREIGN_KEY_CHECKS, FOREIGN_KEY_CHECKS=0 */;
/*!40101 SET @OLD_SQL_MODE=@@SQL_MODE, SQL_MODE='NO_AUTO_VALUE_ON_ZERO' */;
/*!40111 SET @OLD_SQL_NOTES=@@SQL_NOTES, SQL_NOTES=0 */;

--
-- Table structure for table `articles`
--

DROP TABLE IF EXISTS `articles`;
/*!40101 SET @saved_cs_client     = @@character_set_client */;
/*!40101 SET character_set_client = utf8 */;
CREATE TABLE `articles` (
  `id` int(10) unsigned NOT NULL AUTO_INCREMENT,
  `title` varchar(255) COLLATE utf8_unicode_ci NOT NULL,
  `excerpt` text COLLATE utf8_unicode_ci NOT NULL,
  `body` text COLLATE utf8_unicode_ci NOT NULL,
  `user_id` int(10) unsigned NOT NULL,
  `blog_id` int(10) unsigned NOT NULL,
  `published_at` timestamp NULL DEFAULT NULL,
  `created_at` timestamp NULL DEFAULT NULL,
  `updated_at` timestamp NULL DEFAULT NULL,
  PRIMARY KEY (`id`),
  KEY `articles_user_id_foreign` (`user_id`),
  KEY `articles_blog_id_foreign` (`blog_id`),
  CONSTRAINT `articles_blog_id_foreign` FOREIGN KEY (`blog_id`) REFERENCES `blogs` (`id`) ON DELETE CASCADE ON UPDATE CASCADE,
  CONSTRAINT `articles_user_id_foreign` FOREIGN KEY (`user_id`) REFERENCES `users` (`id`) ON DELETE CASCADE ON UPDATE CASCADE
) ENGINE=InnoDB AUTO_INCREMENT=35 DEFAULT CHARSET=utf8 COLLATE=utf8_unicode_ci;
/*!40101 SET character_set_client = @saved_cs_client */;

--
-- Dumping data for table `articles`
--

LOCK TABLES `articles` WRITE;
/*!40000 ALTER TABLE `articles` DISABLE KEYS */;
INSERT INTO `articles` VALUES (2,'Article for user Artem','<p>Lorem ipsum dolor sit amet, consectetur adipisicing elit. Temporibus reprehenderit ad atque cum est. Commodi consequatur soluta officiis veniam nobis corrupti tenetur dolorem reprehenderit sunt vitae iure suscipit adipisci explicabo qui facere! Ea dolore quas maxime facere tenetur illum quibusdam sapiente dolorem nesciunt laudantium necessitatibus accusamus ab libero.</p>','Text for article five<p>Lorem ipsum dolor sit amet, consectetur adipisicing elit. Temporibus reprehenderit ad atque cum est. Commodi consequatur soluta officiis veniam nobis corrupti tenetur dolorem reprehenderit sunt vitae iure suscipit adipisci explicabo qui facere! Ea dolore quas maxime facere tenetur illum quibusdam sapiente dolorem nesciunt laudantium necessitatibus accusamus ab libero.</p><p>Lorem ipsum dolor sit amet, consectetur adipisicing elit. Temporibus reprehenderit ad atque cum est. Commodi consequatur soluta officiis veniam nobis corrupti tenetur dolorem reprehenderit sunt vitae iure suscipit adipisci explicabo qui facere! Ea dolore quas maxime facere tenetur illum quibusdam sapiente dolorem nesciunt laudantium necessitatibus accusamus ab libero.</p><p>Lorem ipsum dolor sit amet, consectetur adipisicing elit. Temporibus reprehenderit ad atque cum est. Commodi consequatur soluta officiis veniam nobis corrupti tenetur dolorem reprehenderit sunt vitae iure suscipit adipisci explicabo qui facere! Ea dolore quas maxime facere tenetur illum quibusdam sapiente dolorem nesciunt laudantium necessitatibus accusamus ab libero.</p><p>Lorem ipsum dolor sit amet, consectetur adipisicing elit. Temporibus reprehenderit ad atque cum est. Commodi consequatur soluta officiis veniam nobis corrupti tenetur dolorem reprehenderit sunt vitae iure suscipit adipisci explicabo qui facere! Ea dolore quas maxime facere tenetur illum quibusdam sapiente dolorem nesciunt laudantium necessitatibus accusamus ab libero.</p><p>Lorem ipsum dolor sit amet, consectetur adipisicing elit. Temporibus reprehenderit ad atque cum est. Commodi consequatur soluta officiis veniam nobis corrupti tenetur dolorem reprehenderit sunt vitae iure suscipit adipisci explicabo qui facere! Ea dolore quas maxime facere tenetur illum quibusdam sapiente dolorem nesciunt laudantium necessitatibus accusamus ab libero.</p><p>Lorem ipsum dolor sit amet, consectetur adipisicing elit. Temporibus reprehenderit ad atque cum est. Commodi consequatur soluta officiis veniam nobis corrupti tenetur dolorem reprehenderit sunt vitae iure suscipit adipisci explicabo qui facere! Ea dolore quas maxime facere tenetur illum quibusdam sapiente dolorem nesciunt laudantium necessitatibus accusamus ab libero.</p><p>Lorem ipsum dolor sit amet, consectetur adipisicing elit. Temporibus reprehenderit ad atque cum est. Commodi consequatur soluta officiis veniam nobis corrupti tenetur dolorem reprehenderit sunt vitae iure suscipit adipisci explicabo qui facere! Ea dolore quas maxime facere tenetur illum quibusdam sapiente dolorem nesciunt laudantium necessitatibus accusamus ab libero.</p><p>Lorem ipsum dolor sit amet, consectetur adipisicing elit. Temporibus reprehenderit ad atque cum est. Commodi consequatur soluta officiis veniam nobis corrupti tenetur dolorem reprehenderit sunt vitae iure suscipit adipisci explicabo qui facere! Ea dolore quas maxime facere tenetur illum quibusdam sapiente dolorem nesciunt laudantium necessitatibus accusamus ab libero.</p>',1,1,'2016-08-29 09:17:40','2016-08-29 06:17:40','2016-08-29 06:17:40'),(4,'Article two for user Artem','<p>Lorem ipsum dolor sit amet, consectetur adipisicing elit. Temporibus reprehenderit ad atque cum est. Commodi consequatur soluta officiis veniam nobis corrupti tenetur dolorem reprehenderit sunt vitae iure suscipit adipisci explicabo qui facere! Ea dolore quas maxime facere tenetur illum quibusdam sapiente dolorem nesciunt laudantium necessitatibus accusamus ab libero.</p>','Text for article five<p>Lorem ipsum dolor sit amet, consectetur adipisicing elit. Temporibus reprehenderit ad atque cum est. Commodi consequatur soluta officiis veniam nobis corrupti tenetur dolorem reprehenderit sunt vitae iure suscipit adipisci explicabo qui facere! Ea dolore quas maxime facere tenetur illum quibusdam sapiente dolorem nesciunt laudantium necessitatibus accusamus ab libero.</p><p>Lorem ipsum dolor sit amet, consectetur adipisicing elit. Temporibus reprehenderit ad atque cum est. Commodi consequatur soluta officiis veniam nobis corrupti tenetur dolorem reprehenderit sunt vitae iure suscipit adipisci explicabo qui facere! Ea dolore quas maxime facere tenetur illum quibusdam sapiente dolorem nesciunt laudantium necessitatibus accusamus ab libero.</p><p>Lorem ipsum dolor sit amet, consectetur adipisicing elit. Temporibus reprehenderit ad atque cum est. Commodi consequatur soluta officiis veniam nobis corrupti tenetur dolorem reprehenderit sunt vitae iure suscipit adipisci explicabo qui facere! Ea dolore quas maxime facere tenetur illum quibusdam sapiente dolorem nesciunt laudantium necessitatibus accusamus ab libero.</p><p>Lorem ipsum dolor sit amet, consectetur adipisicing elit. Temporibus reprehenderit ad atque cum est. Commodi consequatur soluta officiis veniam nobis corrupti tenetur dolorem reprehenderit sunt vitae iure suscipit adipisci explicabo qui facere! Ea dolore quas maxime facere tenetur illum quibusdam sapiente dolorem nesciunt laudantium necessitatibus accusamus ab libero.</p><p>Lorem ipsum dolor sit amet, consectetur adipisicing elit. Temporibus reprehenderit ad atque cum est. Commodi consequatur soluta officiis veniam nobis corrupti tenetur dolorem reprehenderit sunt vitae iure suscipit adipisci explicabo qui facere! Ea dolore quas maxime facere tenetur illum quibusdam sapiente dolorem nesciunt laudantium necessitatibus accusamus ab libero.</p><p>Lorem ipsum dolor sit amet, consectetur adipisicing elit. Temporibus reprehenderit ad atque cum est. Commodi consequatur soluta officiis veniam nobis corrupti tenetur dolorem reprehenderit sunt vitae iure suscipit adipisci explicabo qui facere! Ea dolore quas maxime facere tenetur illum quibusdam sapiente dolorem nesciunt laudantium necessitatibus accusamus ab libero.</p><p>Lorem ipsum dolor sit amet, consectetur adipisicing elit. Temporibus reprehenderit ad atque cum est. Commodi consequatur soluta officiis veniam nobis corrupti tenetur dolorem reprehenderit sunt vitae iure suscipit adipisci explicabo qui facere! Ea dolore quas maxime facere tenetur illum quibusdam sapiente dolorem nesciunt laudantium necessitatibus accusamus ab libero.</p><p>Lorem ipsum dolor sit amet, consectetur adipisicing elit. Temporibus reprehenderit ad atque cum est. Commodi consequatur soluta officiis veniam nobis corrupti tenetur dolorem reprehenderit sunt vitae iure suscipit adipisci explicabo qui facere! Ea dolore quas maxime facere tenetur illum quibusdam sapiente dolorem nesciunt laudantium necessitatibus accusamus ab libero.</p>',1,1,'2016-08-29 09:29:17','2016-08-29 06:29:17','2016-08-29 06:29:17'),(5,'Article three for user Artem','<p>Lorem ipsum dolor sit amet, consectetur adipisicing elit. Temporibus reprehenderit ad atque cum est. Commodi consequatur soluta officiis veniam nobis corrupti tenetur dolorem reprehenderit sunt vitae iure suscipit adipisci explicabo qui facere! Ea dolore quas maxime facere tenetur illum quibusdam sapiente dolorem nesciunt laudantium necessitatibus accusamus ab libero.</p>','Text for article five<p>Lorem ipsum dolor sit amet, consectetur adipisicing elit. Temporibus reprehenderit ad atque cum est. Commodi consequatur soluta officiis veniam nobis corrupti tenetur dolorem reprehenderit sunt vitae iure suscipit adipisci explicabo qui facere! Ea dolore quas maxime facere tenetur illum quibusdam sapiente dolorem nesciunt laudantium necessitatibus accusamus ab libero.</p><p>Lorem ipsum dolor sit amet, consectetur adipisicing elit. Temporibus reprehenderit ad atque cum est. Commodi consequatur soluta officiis veniam nobis corrupti tenetur dolorem reprehenderit sunt vitae iure suscipit adipisci explicabo qui facere! Ea dolore quas maxime facere tenetur illum quibusdam sapiente dolorem nesciunt laudantium necessitatibus accusamus ab libero.</p><p>Lorem ipsum dolor sit amet, consectetur adipisicing elit. Temporibus reprehenderit ad atque cum est. Commodi consequatur soluta officiis veniam nobis corrupti tenetur dolorem reprehenderit sunt vitae iure suscipit adipisci explicabo qui facere! Ea dolore quas maxime facere tenetur illum quibusdam sapiente dolorem nesciunt laudantium necessitatibus accusamus ab libero.</p><p>Lorem ipsum dolor sit amet, consectetur adipisicing elit. Temporibus reprehenderit ad atque cum est. Commodi consequatur soluta officiis veniam nobis corrupti tenetur dolorem reprehenderit sunt vitae iure suscipit adipisci explicabo qui facere! Ea dolore quas maxime facere tenetur illum quibusdam sapiente dolorem nesciunt laudantium necessitatibus accusamus ab libero.</p><p>Lorem ipsum dolor sit amet, consectetur adipisicing elit. Temporibus reprehenderit ad atque cum est. Commodi consequatur soluta officiis veniam nobis corrupti tenetur dolorem reprehenderit sunt vitae iure suscipit adipisci explicabo qui facere! Ea dolore quas maxime facere tenetur illum quibusdam sapiente dolorem nesciunt laudantium necessitatibus accusamus ab libero.</p><p>Lorem ipsum dolor sit amet, consectetur adipisicing elit. Temporibus reprehenderit ad atque cum est. Commodi consequatur soluta officiis veniam nobis corrupti tenetur dolorem reprehenderit sunt vitae iure suscipit adipisci explicabo qui facere! Ea dolore quas maxime facere tenetur illum quibusdam sapiente dolorem nesciunt laudantium necessitatibus accusamus ab libero.</p><p>Lorem ipsum dolor sit amet, consectetur adipisicing elit. Temporibus reprehenderit ad atque cum est. Commodi consequatur soluta officiis veniam nobis corrupti tenetur dolorem reprehenderit sunt vitae iure suscipit adipisci explicabo qui facere! Ea dolore quas maxime facere tenetur illum quibusdam sapiente dolorem nesciunt laudantium necessitatibus accusamus ab libero.</p><p>Lorem ipsum dolor sit amet, consectetur adipisicing elit. Temporibus reprehenderit ad atque cum est. Commodi consequatur soluta officiis veniam nobis corrupti tenetur dolorem reprehenderit sunt vitae iure suscipit adipisci explicabo qui facere! Ea dolore quas maxime facere tenetur illum quibusdam sapiente dolorem nesciunt laudantium necessitatibus accusamus ab libero.</p>',1,1,'2016-08-29 09:30:20','2016-08-29 06:30:20','2016-08-29 06:30:20'),(6,'Article four','<p>Lorem ipsum dolor sit amet, consectetur adipisicing elit. Temporibus reprehenderit ad atque cum est. Commodi consequatur soluta officiis veniam nobis corrupti tenetur dolorem reprehenderit sunt vitae iure suscipit adipisci explicabo qui facere! Ea dolore quas maxime facere tenetur illum quibusdam sapiente dolorem nesciunt laudantium necessitatibus accusamus ab libero.</p>','Text for article five<p>Lorem ipsum dolor sit amet, consectetur adipisicing elit. Temporibus reprehenderit ad atque cum est. Commodi consequatur soluta officiis veniam nobis corrupti tenetur dolorem reprehenderit sunt vitae iure suscipit adipisci explicabo qui facere! Ea dolore quas maxime facere tenetur illum quibusdam sapiente dolorem nesciunt laudantium necessitatibus accusamus ab libero.</p><p>Lorem ipsum dolor sit amet, consectetur adipisicing elit. Temporibus reprehenderit ad atque cum est. Commodi consequatur soluta officiis veniam nobis corrupti tenetur dolorem reprehenderit sunt vitae iure suscipit adipisci explicabo qui facere! Ea dolore quas maxime facere tenetur illum quibusdam sapiente dolorem nesciunt laudantium necessitatibus accusamus ab libero.</p><p>Lorem ipsum dolor sit amet, consectetur adipisicing elit. Temporibus reprehenderit ad atque cum est. Commodi consequatur soluta officiis veniam nobis corrupti tenetur dolorem reprehenderit sunt vitae iure suscipit adipisci explicabo qui facere! Ea dolore quas maxime facere tenetur illum quibusdam sapiente dolorem nesciunt laudantium necessitatibus accusamus ab libero.</p><p>Lorem ipsum dolor sit amet, consectetur adipisicing elit. Temporibus reprehenderit ad atque cum est. Commodi consequatur soluta officiis veniam nobis corrupti tenetur dolorem reprehenderit sunt vitae iure suscipit adipisci explicabo qui facere! Ea dolore quas maxime facere tenetur illum quibusdam sapiente dolorem nesciunt laudantium necessitatibus accusamus ab libero.</p><p>Lorem ipsum dolor sit amet, consectetur adipisicing elit. Temporibus reprehenderit ad atque cum est. Commodi consequatur soluta officiis veniam nobis corrupti tenetur dolorem reprehenderit sunt vitae iure suscipit adipisci explicabo qui facere! Ea dolore quas maxime facere tenetur illum quibusdam sapiente dolorem nesciunt laudantium necessitatibus accusamus ab libero.</p><p>Lorem ipsum dolor sit amet, consectetur adipisicing elit. Temporibus reprehenderit ad atque cum est. Commodi consequatur soluta officiis veniam nobis corrupti tenetur dolorem reprehenderit sunt vitae iure suscipit adipisci explicabo qui facere! Ea dolore quas maxime facere tenetur illum quibusdam sapiente dolorem nesciunt laudantium necessitatibus accusamus ab libero.</p><p>Lorem ipsum dolor sit amet, consectetur adipisicing elit. Temporibus reprehenderit ad atque cum est. Commodi consequatur soluta officiis veniam nobis corrupti tenetur dolorem reprehenderit sunt vitae iure suscipit adipisci explicabo qui facere! Ea dolore quas maxime facere tenetur illum quibusdam sapiente dolorem nesciunt laudantium necessitatibus accusamus ab libero.</p><p>Lorem ipsum dolor sit amet, consectetur adipisicing elit. Temporibus reprehenderit ad atque cum est. Commodi consequatur soluta officiis veniam nobis corrupti tenetur dolorem reprehenderit sunt vitae iure suscipit adipisci explicabo qui facere! Ea dolore quas maxime facere tenetur illum quibusdam sapiente dolorem nesciunt laudantium necessitatibus accusamus ab libero.</p>',1,1,'2016-08-29 09:53:34','2016-08-29 06:53:34','2016-08-29 06:53:34'),(7,'Article five','<p>Lorem ipsum dolor sit amet, consectetur adipisicing elit. Temporibus reprehenderit ad atque cum est. Commodi consequatur soluta officiis veniam nobis corrupti tenetur dolorem reprehenderit sunt vitae iure suscipit adipisci explicabo qui facere! Ea dolore quas maxime facere tenetur illum quibusdam sapiente dolorem nesciunt laudantium necessitatibus accusamus ab libero.</p>','Text for article five<p>Lorem ipsum dolor sit amet, consectetur adipisicing elit. Temporibus reprehenderit ad atque cum est. Commodi consequatur soluta officiis veniam nobis corrupti tenetur dolorem reprehenderit sunt vitae iure suscipit adipisci explicabo qui facere! Ea dolore quas maxime facere tenetur illum quibusdam sapiente dolorem nesciunt laudantium necessitatibus accusamus ab libero.</p><p>Lorem ipsum dolor sit amet, consectetur adipisicing elit. Temporibus reprehenderit ad atque cum est. Commodi consequatur soluta officiis veniam nobis corrupti tenetur dolorem reprehenderit sunt vitae iure suscipit adipisci explicabo qui facere! Ea dolore quas maxime facere tenetur illum quibusdam sapiente dolorem nesciunt laudantium necessitatibus accusamus ab libero.</p><p>Lorem ipsum dolor sit amet, consectetur adipisicing elit. Temporibus reprehenderit ad atque cum est. Commodi consequatur soluta officiis veniam nobis corrupti tenetur dolorem reprehenderit sunt vitae iure suscipit adipisci explicabo qui facere! Ea dolore quas maxime facere tenetur illum quibusdam sapiente dolorem nesciunt laudantium necessitatibus accusamus ab libero.</p><p>Lorem ipsum dolor sit amet, consectetur adipisicing elit. Temporibus reprehenderit ad atque cum est. Commodi consequatur soluta officiis veniam nobis corrupti tenetur dolorem reprehenderit sunt vitae iure suscipit adipisci explicabo qui facere! Ea dolore quas maxime facere tenetur illum quibusdam sapiente dolorem nesciunt laudantium necessitatibus accusamus ab libero.</p><p>Lorem ipsum dolor sit amet, consectetur adipisicing elit. Temporibus reprehenderit ad atque cum est. Commodi consequatur soluta officiis veniam nobis corrupti tenetur dolorem reprehenderit sunt vitae iure suscipit adipisci explicabo qui facere! Ea dolore quas maxime facere tenetur illum quibusdam sapiente dolorem nesciunt laudantium necessitatibus accusamus ab libero.</p><p>Lorem ipsum dolor sit amet, consectetur adipisicing elit. Temporibus reprehenderit ad atque cum est. Commodi consequatur soluta officiis veniam nobis corrupti tenetur dolorem reprehenderit sunt vitae iure suscipit adipisci explicabo qui facere! Ea dolore quas maxime facere tenetur illum quibusdam sapiente dolorem nesciunt laudantium necessitatibus accusamus ab libero.</p><p>Lorem ipsum dolor sit amet, consectetur adipisicing elit. Temporibus reprehenderit ad atque cum est. Commodi consequatur soluta officiis veniam nobis corrupti tenetur dolorem reprehenderit sunt vitae iure suscipit adipisci explicabo qui facere! Ea dolore quas maxime facere tenetur illum quibusdam sapiente dolorem nesciunt laudantium necessitatibus accusamus ab libero.</p><p>Lorem ipsum dolor sit amet, consectetur adipisicing elit. Temporibus reprehenderit ad atque cum est. Commodi consequatur soluta officiis veniam nobis corrupti tenetur dolorem reprehenderit sunt vitae iure suscipit adipisci explicabo qui facere! Ea dolore quas maxime facere tenetur illum quibusdam sapiente dolorem nesciunt laudantium necessitatibus accusamus ab libero.</p>',1,1,'2016-08-29 09:54:32','2016-08-29 06:54:32','2016-08-29 06:54:32'),(8,'Article six','<p>Lorem ipsum dolor sit amet, consectetur adipisicing elit. Temporibus reprehenderit ad atque cum est. Commodi consequatur soluta officiis veniam nobis corrupti tenetur dolorem reprehenderit sunt vitae iure suscipit adipisci explicabo qui facere! Ea dolore quas maxime facere tenetur illum quibusdam sapiente dolorem nesciunt laudantium necessitatibus accusamus ab libero.</p>','Text for article five<p>Lorem ipsum dolor sit amet, consectetur adipisicing elit. Temporibus reprehenderit ad atque cum est. Commodi consequatur soluta officiis veniam nobis corrupti tenetur dolorem reprehenderit sunt vitae iure suscipit adipisci explicabo qui facere! Ea dolore quas maxime facere tenetur illum quibusdam sapiente dolorem nesciunt laudantium necessitatibus accusamus ab libero.</p><p>Lorem ipsum dolor sit amet, consectetur adipisicing elit. Temporibus reprehenderit ad atque cum est. Commodi consequatur soluta officiis veniam nobis corrupti tenetur dolorem reprehenderit sunt vitae iure suscipit adipisci explicabo qui facere! Ea dolore quas maxime facere tenetur illum quibusdam sapiente dolorem nesciunt laudantium necessitatibus accusamus ab libero.</p><p>Lorem ipsum dolor sit amet, consectetur adipisicing elit. Temporibus reprehenderit ad atque cum est. Commodi consequatur soluta officiis veniam nobis corrupti tenetur dolorem reprehenderit sunt vitae iure suscipit adipisci explicabo qui facere! Ea dolore quas maxime facere tenetur illum quibusdam sapiente dolorem nesciunt laudantium necessitatibus accusamus ab libero.</p><p>Lorem ipsum dolor sit amet, consectetur adipisicing elit. Temporibus reprehenderit ad atque cum est. Commodi consequatur soluta officiis veniam nobis corrupti tenetur dolorem reprehenderit sunt vitae iure suscipit adipisci explicabo qui facere! Ea dolore quas maxime facere tenetur illum quibusdam sapiente dolorem nesciunt laudantium necessitatibus accusamus ab libero.</p><p>Lorem ipsum dolor sit amet, consectetur adipisicing elit. Temporibus reprehenderit ad atque cum est. Commodi consequatur soluta officiis veniam nobis corrupti tenetur dolorem reprehenderit sunt vitae iure suscipit adipisci explicabo qui facere! Ea dolore quas maxime facere tenetur illum quibusdam sapiente dolorem nesciunt laudantium necessitatibus accusamus ab libero.</p><p>Lorem ipsum dolor sit amet, consectetur adipisicing elit. Temporibus reprehenderit ad atque cum est. Commodi consequatur soluta officiis veniam nobis corrupti tenetur dolorem reprehenderit sunt vitae iure suscipit adipisci explicabo qui facere! Ea dolore quas maxime facere tenetur illum quibusdam sapiente dolorem nesciunt laudantium necessitatibus accusamus ab libero.</p><p>Lorem ipsum dolor sit amet, consectetur adipisicing elit. Temporibus reprehenderit ad atque cum est. Commodi consequatur soluta officiis veniam nobis corrupti tenetur dolorem reprehenderit sunt vitae iure suscipit adipisci explicabo qui facere! Ea dolore quas maxime facere tenetur illum quibusdam sapiente dolorem nesciunt laudantium necessitatibus accusamus ab libero.</p><p>Lorem ipsum dolor sit amet, consectetur adipisicing elit. Temporibus reprehenderit ad atque cum est. Commodi consequatur soluta officiis veniam nobis corrupti tenetur dolorem reprehenderit sunt vitae iure suscipit adipisci explicabo qui facere! Ea dolore quas maxime facere tenetur illum quibusdam sapiente dolorem nesciunt laudantium necessitatibus accusamus ab libero.</p>',1,1,'2016-08-29 08:54:32','2016-08-29 06:55:55','2016-08-29 06:55:55'),(9,'dsafasfdas','<p>Lorem ipsum dolor sit amet, consectetur adipisicing elit. Temporibus reprehenderit ad atque cum est. Commodi consequatur soluta officiis veniam nobis corrupti tenetur dolorem reprehenderit sunt vitae iure suscipit adipisci explicabo qui facere! Ea dolore quas maxime facere tenetur illum quibusdam sapiente dolorem nesciunt laudantium necessitatibus accusamus ab libero.</p>','Text for article five<p>Lorem ipsum dolor sit amet, consectetur adipisicing elit. Temporibus reprehenderit ad atque cum est. Commodi consequatur soluta officiis veniam nobis corrupti tenetur dolorem reprehenderit sunt vitae iure suscipit adipisci explicabo qui facere! Ea dolore quas maxime facere tenetur illum quibusdam sapiente dolorem nesciunt laudantium necessitatibus accusamus ab libero.</p><p>Lorem ipsum dolor sit amet, consectetur adipisicing elit. Temporibus reprehenderit ad atque cum est. Commodi consequatur soluta officiis veniam nobis corrupti tenetur dolorem reprehenderit sunt vitae iure suscipit adipisci explicabo qui facere! Ea dolore quas maxime facere tenetur illum quibusdam sapiente dolorem nesciunt laudantium necessitatibus accusamus ab libero.</p><p>Lorem ipsum dolor sit amet, consectetur adipisicing elit. Temporibus reprehenderit ad atque cum est. Commodi consequatur soluta officiis veniam nobis corrupti tenetur dolorem reprehenderit sunt vitae iure suscipit adipisci explicabo qui facere! Ea dolore quas maxime facere tenetur illum quibusdam sapiente dolorem nesciunt laudantium necessitatibus accusamus ab libero.</p><p>Lorem ipsum dolor sit amet, consectetur adipisicing elit. Temporibus reprehenderit ad atque cum est. Commodi consequatur soluta officiis veniam nobis corrupti tenetur dolorem reprehenderit sunt vitae iure suscipit adipisci explicabo qui facere! Ea dolore quas maxime facere tenetur illum quibusdam sapiente dolorem nesciunt laudantium necessitatibus accusamus ab libero.</p><p>Lorem ipsum dolor sit amet, consectetur adipisicing elit. Temporibus reprehenderit ad atque cum est. Commodi consequatur soluta officiis veniam nobis corrupti tenetur dolorem reprehenderit sunt vitae iure suscipit adipisci explicabo qui facere! Ea dolore quas maxime facere tenetur illum quibusdam sapiente dolorem nesciunt laudantium necessitatibus accusamus ab libero.</p><p>Lorem ipsum dolor sit amet, consectetur adipisicing elit. Temporibus reprehenderit ad atque cum est. Commodi consequatur soluta officiis veniam nobis corrupti tenetur dolorem reprehenderit sunt vitae iure suscipit adipisci explicabo qui facere! Ea dolore quas maxime facere tenetur illum quibusdam sapiente dolorem nesciunt laudantium necessitatibus accusamus ab libero.</p><p>Lorem ipsum dolor sit amet, consectetur adipisicing elit. Temporibus reprehenderit ad atque cum est. Commodi consequatur soluta officiis veniam nobis corrupti tenetur dolorem reprehenderit sunt vitae iure suscipit adipisci explicabo qui facere! Ea dolore quas maxime facere tenetur illum quibusdam sapiente dolorem nesciunt laudantium necessitatibus accusamus ab libero.</p><p>Lorem ipsum dolor sit amet, consectetur adipisicing elit. Temporibus reprehenderit ad atque cum est. Commodi consequatur soluta officiis veniam nobis corrupti tenetur dolorem reprehenderit sunt vitae iure suscipit adipisci explicabo qui facere! Ea dolore quas maxime facere tenetur illum quibusdam sapiente dolorem nesciunt laudantium necessitatibus accusamus ab libero.</p>',1,1,'2016-08-29 07:54:32','2016-08-29 07:12:30','2016-08-29 07:12:30'),(11,'asfasdf','<p>Lorem ipsum dolor sit amet, consectetur adipisicing elit. Temporibus reprehenderit ad atque cum est. Commodi consequatur soluta officiis veniam nobis corrupti tenetur dolorem reprehenderit sunt vitae iure suscipit adipisci explicabo qui facere! Ea dolore quas maxime facere tenetur illum quibusdam sapiente dolorem nesciunt laudantium necessitatibus accusamus ab libero.</p>','Text for article five<p>Lorem ipsum dolor sit amet, consectetur adipisicing elit. Temporibus reprehenderit ad atque cum est. Commodi consequatur soluta officiis veniam nobis corrupti tenetur dolorem reprehenderit sunt vitae iure suscipit adipisci explicabo qui facere! Ea dolore quas maxime facere tenetur illum quibusdam sapiente dolorem nesciunt laudantium necessitatibus accusamus ab libero.</p><p>Lorem ipsum dolor sit amet, consectetur adipisicing elit. Temporibus reprehenderit ad atque cum est. Commodi consequatur soluta officiis veniam nobis corrupti tenetur dolorem reprehenderit sunt vitae iure suscipit adipisci explicabo qui facere! Ea dolore quas maxime facere tenetur illum quibusdam sapiente dolorem nesciunt laudantium necessitatibus accusamus ab libero.</p><p>Lorem ipsum dolor sit amet, consectetur adipisicing elit. Temporibus reprehenderit ad atque cum est. Commodi consequatur soluta officiis veniam nobis corrupti tenetur dolorem reprehenderit sunt vitae iure suscipit adipisci explicabo qui facere! Ea dolore quas maxime facere tenetur illum quibusdam sapiente dolorem nesciunt laudantium necessitatibus accusamus ab libero.</p><p>Lorem ipsum dolor sit amet, consectetur adipisicing elit. Temporibus reprehenderit ad atque cum est. Commodi consequatur soluta officiis veniam nobis corrupti tenetur dolorem reprehenderit sunt vitae iure suscipit adipisci explicabo qui facere! Ea dolore quas maxime facere tenetur illum quibusdam sapiente dolorem nesciunt laudantium necessitatibus accusamus ab libero.</p><p>Lorem ipsum dolor sit amet, consectetur adipisicing elit. Temporibus reprehenderit ad atque cum est. Commodi consequatur soluta officiis veniam nobis corrupti tenetur dolorem reprehenderit sunt vitae iure suscipit adipisci explicabo qui facere! Ea dolore quas maxime facere tenetur illum quibusdam sapiente dolorem nesciunt laudantium necessitatibus accusamus ab libero.</p><p>Lorem ipsum dolor sit amet, consectetur adipisicing elit. Temporibus reprehenderit ad atque cum est. Commodi consequatur soluta officiis veniam nobis corrupti tenetur dolorem reprehenderit sunt vitae iure suscipit adipisci explicabo qui facere! Ea dolore quas maxime facere tenetur illum quibusdam sapiente dolorem nesciunt laudantium necessitatibus accusamus ab libero.</p><p>Lorem ipsum dolor sit amet, consectetur adipisicing elit. Temporibus reprehenderit ad atque cum est. Commodi consequatur soluta officiis veniam nobis corrupti tenetur dolorem reprehenderit sunt vitae iure suscipit adipisci explicabo qui facere! Ea dolore quas maxime facere tenetur illum quibusdam sapiente dolorem nesciunt laudantium necessitatibus accusamus ab libero.</p><p>Lorem ipsum dolor sit amet, consectetur adipisicing elit. Temporibus reprehenderit ad atque cum est. Commodi consequatur soluta officiis veniam nobis corrupti tenetur dolorem reprehenderit sunt vitae iure suscipit adipisci explicabo qui facere! Ea dolore quas maxime facere tenetur illum quibusdam sapiente dolorem nesciunt laudantium necessitatibus accusamus ab libero.</p>',1,1,'2016-08-29 21:00:00','2016-08-29 07:53:31','2016-08-29 07:53:31'),(12,'asdfasdfasd','<p>Lorem ipsum dolor sit amet, consectetur adipisicing elit. Temporibus reprehenderit ad atque cum est. Commodi consequatur soluta officiis veniam nobis corrupti tenetur dolorem reprehenderit sunt vitae iure suscipit adipisci explicabo qui facere! Ea dolore quas maxime facere tenetur illum quibusdam sapiente dolorem nesciunt laudantium necessitatibus accusamus ab libero.</p>','Text for article five<p>Lorem ipsum dolor sit amet, consectetur adipisicing elit. Temporibus reprehenderit ad atque cum est. Commodi consequatur soluta officiis veniam nobis corrupti tenetur dolorem reprehenderit sunt vitae iure suscipit adipisci explicabo qui facere! Ea dolore quas maxime facere tenetur illum quibusdam sapiente dolorem nesciunt laudantium necessitatibus accusamus ab libero.</p><p>Lorem ipsum dolor sit amet, consectetur adipisicing elit. Temporibus reprehenderit ad atque cum est. Commodi consequatur soluta officiis veniam nobis corrupti tenetur dolorem reprehenderit sunt vitae iure suscipit adipisci explicabo qui facere! Ea dolore quas maxime facere tenetur illum quibusdam sapiente dolorem nesciunt laudantium necessitatibus accusamus ab libero.</p><p>Lorem ipsum dolor sit amet, consectetur adipisicing elit. Temporibus reprehenderit ad atque cum est. Commodi consequatur soluta officiis veniam nobis corrupti tenetur dolorem reprehenderit sunt vitae iure suscipit adipisci explicabo qui facere! Ea dolore quas maxime facere tenetur illum quibusdam sapiente dolorem nesciunt laudantium necessitatibus accusamus ab libero.</p><p>Lorem ipsum dolor sit amet, consectetur adipisicing elit. Temporibus reprehenderit ad atque cum est. Commodi consequatur soluta officiis veniam nobis corrupti tenetur dolorem reprehenderit sunt vitae iure suscipit adipisci explicabo qui facere! Ea dolore quas maxime facere tenetur illum quibusdam sapiente dolorem nesciunt laudantium necessitatibus accusamus ab libero.</p><p>Lorem ipsum dolor sit amet, consectetur adipisicing elit. Temporibus reprehenderit ad atque cum est. Commodi consequatur soluta officiis veniam nobis corrupti tenetur dolorem reprehenderit sunt vitae iure suscipit adipisci explicabo qui facere! Ea dolore quas maxime facere tenetur illum quibusdam sapiente dolorem nesciunt laudantium necessitatibus accusamus ab libero.</p><p>Lorem ipsum dolor sit amet, consectetur adipisicing elit. Temporibus reprehenderit ad atque cum est. Commodi consequatur soluta officiis veniam nobis corrupti tenetur dolorem reprehenderit sunt vitae iure suscipit adipisci explicabo qui facere! Ea dolore quas maxime facere tenetur illum quibusdam sapiente dolorem nesciunt laudantium necessitatibus accusamus ab libero.</p><p>Lorem ipsum dolor sit amet, consectetur adipisicing elit. Temporibus reprehenderit ad atque cum est. Commodi consequatur soluta officiis veniam nobis corrupti tenetur dolorem reprehenderit sunt vitae iure suscipit adipisci explicabo qui facere! Ea dolore quas maxime facere tenetur illum quibusdam sapiente dolorem nesciunt laudantium necessitatibus accusamus ab libero.</p><p>Lorem ipsum dolor sit amet, consectetur adipisicing elit. Temporibus reprehenderit ad atque cum est. Commodi consequatur soluta officiis veniam nobis corrupti tenetur dolorem reprehenderit sunt vitae iure suscipit adipisci explicabo qui facere! Ea dolore quas maxime facere tenetur illum quibusdam sapiente dolorem nesciunt laudantium necessitatibus accusamus ab libero.</p>',1,1,'2016-08-28 21:00:00','2016-08-29 08:11:17','2016-08-29 08:11:17'),(13,'asdfasdfsad','<p>Lorem ipsum dolor sit amet, consectetur adipisicing elit. Temporibus reprehenderit ad atque cum est. Commodi consequatur soluta officiis veniam nobis corrupti tenetur dolorem reprehenderit sunt vitae iure suscipit adipisci explicabo qui facere! Ea dolore quas maxime facere tenetur illum quibusdam sapiente dolorem nesciunt laudantium necessitatibus accusamus ab libero.</p>','Text for article five<p>Lorem ipsum dolor sit amet, consectetur adipisicing elit. Temporibus reprehenderit ad atque cum est. Commodi consequatur soluta officiis veniam nobis corrupti tenetur dolorem reprehenderit sunt vitae iure suscipit adipisci explicabo qui facere! Ea dolore quas maxime facere tenetur illum quibusdam sapiente dolorem nesciunt laudantium necessitatibus accusamus ab libero.</p><p>Lorem ipsum dolor sit amet, consectetur adipisicing elit. Temporibus reprehenderit ad atque cum est. Commodi consequatur soluta officiis veniam nobis corrupti tenetur dolorem reprehenderit sunt vitae iure suscipit adipisci explicabo qui facere! Ea dolore quas maxime facere tenetur illum quibusdam sapiente dolorem nesciunt laudantium necessitatibus accusamus ab libero.</p><p>Lorem ipsum dolor sit amet, consectetur adipisicing elit. Temporibus reprehenderit ad atque cum est. Commodi consequatur soluta officiis veniam nobis corrupti tenetur dolorem reprehenderit sunt vitae iure suscipit adipisci explicabo qui facere! Ea dolore quas maxime facere tenetur illum quibusdam sapiente dolorem nesciunt laudantium necessitatibus accusamus ab libero.</p><p>Lorem ipsum dolor sit amet, consectetur adipisicing elit. Temporibus reprehenderit ad atque cum est. Commodi consequatur soluta officiis veniam nobis corrupti tenetur dolorem reprehenderit sunt vitae iure suscipit adipisci explicabo qui facere! Ea dolore quas maxime facere tenetur illum quibusdam sapiente dolorem nesciunt laudantium necessitatibus accusamus ab libero.</p><p>Lorem ipsum dolor sit amet, consectetur adipisicing elit. Temporibus reprehenderit ad atque cum est. Commodi consequatur soluta officiis veniam nobis corrupti tenetur dolorem reprehenderit sunt vitae iure suscipit adipisci explicabo qui facere! Ea dolore quas maxime facere tenetur illum quibusdam sapiente dolorem nesciunt laudantium necessitatibus accusamus ab libero.</p><p>Lorem ipsum dolor sit amet, consectetur adipisicing elit. Temporibus reprehenderit ad atque cum est. Commodi consequatur soluta officiis veniam nobis corrupti tenetur dolorem reprehenderit sunt vitae iure suscipit adipisci explicabo qui facere! Ea dolore quas maxime facere tenetur illum quibusdam sapiente dolorem nesciunt laudantium necessitatibus accusamus ab libero.</p><p>Lorem ipsum dolor sit amet, consectetur adipisicing elit. Temporibus reprehenderit ad atque cum est. Commodi consequatur soluta officiis veniam nobis corrupti tenetur dolorem reprehenderit sunt vitae iure suscipit adipisci explicabo qui facere! Ea dolore quas maxime facere tenetur illum quibusdam sapiente dolorem nesciunt laudantium necessitatibus accusamus ab libero.</p><p>Lorem ipsum dolor sit amet, consectetur adipisicing elit. Temporibus reprehenderit ad atque cum est. Commodi consequatur soluta officiis veniam nobis corrupti tenetur dolorem reprehenderit sunt vitae iure suscipit adipisci explicabo qui facere! Ea dolore quas maxime facere tenetur illum quibusdam sapiente dolorem nesciunt laudantium necessitatibus accusamus ab libero.</p>',1,1,'2016-08-28 21:00:00','2016-08-29 11:54:50','2016-08-29 11:54:50'),(14,'asdfasdfasd','<p>Lorem ipsum dolor sit amet, consectetur adipisicing elit. Temporibus reprehenderit ad atque cum est. Commodi consequatur soluta officiis veniam nobis corrupti tenetur dolorem reprehenderit sunt vitae iure suscipit adipisci explicabo qui facere! Ea dolore quas maxime facere tenetur illum quibusdam sapiente dolorem nesciunt laudantium necessitatibus accusamus ab libero.</p>','Text for article five<p>Lorem ipsum dolor sit amet, consectetur adipisicing elit. Temporibus reprehenderit ad atque cum est. Commodi consequatur soluta officiis veniam nobis corrupti tenetur dolorem reprehenderit sunt vitae iure suscipit adipisci explicabo qui facere! Ea dolore quas maxime facere tenetur illum quibusdam sapiente dolorem nesciunt laudantium necessitatibus accusamus ab libero.</p><p>Lorem ipsum dolor sit amet, consectetur adipisicing elit. Temporibus reprehenderit ad atque cum est. Commodi consequatur soluta officiis veniam nobis corrupti tenetur dolorem reprehenderit sunt vitae iure suscipit adipisci explicabo qui facere! Ea dolore quas maxime facere tenetur illum quibusdam sapiente dolorem nesciunt laudantium necessitatibus accusamus ab libero.</p><p>Lorem ipsum dolor sit amet, consectetur adipisicing elit. Temporibus reprehenderit ad atque cum est. Commodi consequatur soluta officiis veniam nobis corrupti tenetur dolorem reprehenderit sunt vitae iure suscipit adipisci explicabo qui facere! Ea dolore quas maxime facere tenetur illum quibusdam sapiente dolorem nesciunt laudantium necessitatibus accusamus ab libero.</p><p>Lorem ipsum dolor sit amet, consectetur adipisicing elit. Temporibus reprehenderit ad atque cum est. Commodi consequatur soluta officiis veniam nobis corrupti tenetur dolorem reprehenderit sunt vitae iure suscipit adipisci explicabo qui facere! Ea dolore quas maxime facere tenetur illum quibusdam sapiente dolorem nesciunt laudantium necessitatibus accusamus ab libero.</p><p>Lorem ipsum dolor sit amet, consectetur adipisicing elit. Temporibus reprehenderit ad atque cum est. Commodi consequatur soluta officiis veniam nobis corrupti tenetur dolorem reprehenderit sunt vitae iure suscipit adipisci explicabo qui facere! Ea dolore quas maxime facere tenetur illum quibusdam sapiente dolorem nesciunt laudantium necessitatibus accusamus ab libero.</p><p>Lorem ipsum dolor sit amet, consectetur adipisicing elit. Temporibus reprehenderit ad atque cum est. Commodi consequatur soluta officiis veniam nobis corrupti tenetur dolorem reprehenderit sunt vitae iure suscipit adipisci explicabo qui facere! Ea dolore quas maxime facere tenetur illum quibusdam sapiente dolorem nesciunt laudantium necessitatibus accusamus ab libero.</p><p>Lorem ipsum dolor sit amet, consectetur adipisicing elit. Temporibus reprehenderit ad atque cum est. Commodi consequatur soluta officiis veniam nobis corrupti tenetur dolorem reprehenderit sunt vitae iure suscipit adipisci explicabo qui facere! Ea dolore quas maxime facere tenetur illum quibusdam sapiente dolorem nesciunt laudantium necessitatibus accusamus ab libero.</p><p>Lorem ipsum dolor sit amet, consectetur adipisicing elit. Temporibus reprehenderit ad atque cum est. Commodi consequatur soluta officiis veniam nobis corrupti tenetur dolorem reprehenderit sunt vitae iure suscipit adipisci explicabo qui facere! Ea dolore quas maxime facere tenetur illum quibusdam sapiente dolorem nesciunt laudantium necessitatibus accusamus ab libero.</p>',1,1,'2016-08-28 21:00:00','2016-08-29 11:57:23','2016-08-29 11:57:23'),(15,'asdfasdf','<p>Lorem ipsum dolor sit amet, consectetur adipisicing elit. Temporibus reprehenderit ad atque cum est. Commodi consequatur soluta officiis veniam nobis corrupti tenetur dolorem reprehenderit sunt vitae iure suscipit adipisci explicabo qui facere! Ea dolore quas maxime facere tenetur illum quibusdam sapiente dolorem nesciunt laudantium necessitatibus accusamus ab libero.</p>','Text for article five<p>Lorem ipsum dolor sit amet, consectetur adipisicing elit. Temporibus reprehenderit ad atque cum est. Commodi consequatur soluta officiis veniam nobis corrupti tenetur dolorem reprehenderit sunt vitae iure suscipit adipisci explicabo qui facere! Ea dolore quas maxime facere tenetur illum quibusdam sapiente dolorem nesciunt laudantium necessitatibus accusamus ab libero.</p><p>Lorem ipsum dolor sit amet, consectetur adipisicing elit. Temporibus reprehenderit ad atque cum est. Commodi consequatur soluta officiis veniam nobis corrupti tenetur dolorem reprehenderit sunt vitae iure suscipit adipisci explicabo qui facere! Ea dolore quas maxime facere tenetur illum quibusdam sapiente dolorem nesciunt laudantium necessitatibus accusamus ab libero.</p><p>Lorem ipsum dolor sit amet, consectetur adipisicing elit. Temporibus reprehenderit ad atque cum est. Commodi consequatur soluta officiis veniam nobis corrupti tenetur dolorem reprehenderit sunt vitae iure suscipit adipisci explicabo qui facere! Ea dolore quas maxime facere tenetur illum quibusdam sapiente dolorem nesciunt laudantium necessitatibus accusamus ab libero.</p><p>Lorem ipsum dolor sit amet, consectetur adipisicing elit. Temporibus reprehenderit ad atque cum est. Commodi consequatur soluta officiis veniam nobis corrupti tenetur dolorem reprehenderit sunt vitae iure suscipit adipisci explicabo qui facere! Ea dolore quas maxime facere tenetur illum quibusdam sapiente dolorem nesciunt laudantium necessitatibus accusamus ab libero.</p><p>Lorem ipsum dolor sit amet, consectetur adipisicing elit. Temporibus reprehenderit ad atque cum est. Commodi consequatur soluta officiis veniam nobis corrupti tenetur dolorem reprehenderit sunt vitae iure suscipit adipisci explicabo qui facere! Ea dolore quas maxime facere tenetur illum quibusdam sapiente dolorem nesciunt laudantium necessitatibus accusamus ab libero.</p><p>Lorem ipsum dolor sit amet, consectetur adipisicing elit. Temporibus reprehenderit ad atque cum est. Commodi consequatur soluta officiis veniam nobis corrupti tenetur dolorem reprehenderit sunt vitae iure suscipit adipisci explicabo qui facere! Ea dolore quas maxime facere tenetur illum quibusdam sapiente dolorem nesciunt laudantium necessitatibus accusamus ab libero.</p><p>Lorem ipsum dolor sit amet, consectetur adipisicing elit. Temporibus reprehenderit ad atque cum est. Commodi consequatur soluta officiis veniam nobis corrupti tenetur dolorem reprehenderit sunt vitae iure suscipit adipisci explicabo qui facere! Ea dolore quas maxime facere tenetur illum quibusdam sapiente dolorem nesciunt laudantium necessitatibus accusamus ab libero.</p><p>Lorem ipsum dolor sit amet, consectetur adipisicing elit. Temporibus reprehenderit ad atque cum est. Commodi consequatur soluta officiis veniam nobis corrupti tenetur dolorem reprehenderit sunt vitae iure suscipit adipisci explicabo qui facere! Ea dolore quas maxime facere tenetur illum quibusdam sapiente dolorem nesciunt laudantium necessitatibus accusamus ab libero.</p>',1,1,'2016-08-28 21:00:00','2016-08-29 11:57:54','2016-08-29 11:57:54'),(16,'safasdf','<p>Lorem ipsum dolor sit amet, consectetur adipisicing elit. Temporibus reprehenderit ad atque cum est. Commodi consequatur soluta officiis veniam nobis corrupti tenetur dolorem reprehenderit sunt vitae iure suscipit adipisci explicabo qui facere! Ea dolore quas maxime facere tenetur illum quibusdam sapiente dolorem nesciunt laudantium necessitatibus accusamus ab libero.</p>','Text for article five<p>Lorem ipsum dolor sit amet, consectetur adipisicing elit. Temporibus reprehenderit ad atque cum est. Commodi consequatur soluta officiis veniam nobis corrupti tenetur dolorem reprehenderit sunt vitae iure suscipit adipisci explicabo qui facere! Ea dolore quas maxime facere tenetur illum quibusdam sapiente dolorem nesciunt laudantium necessitatibus accusamus ab libero.</p><p>Lorem ipsum dolor sit amet, consectetur adipisicing elit. Temporibus reprehenderit ad atque cum est. Commodi consequatur soluta officiis veniam nobis corrupti tenetur dolorem reprehenderit sunt vitae iure suscipit adipisci explicabo qui facere! Ea dolore quas maxime facere tenetur illum quibusdam sapiente dolorem nesciunt laudantium necessitatibus accusamus ab libero.</p><p>Lorem ipsum dolor sit amet, consectetur adipisicing elit. Temporibus reprehenderit ad atque cum est. Commodi consequatur soluta officiis veniam nobis corrupti tenetur dolorem reprehenderit sunt vitae iure suscipit adipisci explicabo qui facere! Ea dolore quas maxime facere tenetur illum quibusdam sapiente dolorem nesciunt laudantium necessitatibus accusamus ab libero.</p><p>Lorem ipsum dolor sit amet, consectetur adipisicing elit. Temporibus reprehenderit ad atque cum est. Commodi consequatur soluta officiis veniam nobis corrupti tenetur dolorem reprehenderit sunt vitae iure suscipit adipisci explicabo qui facere! Ea dolore quas maxime facere tenetur illum quibusdam sapiente dolorem nesciunt laudantium necessitatibus accusamus ab libero.</p><p>Lorem ipsum dolor sit amet, consectetur adipisicing elit. Temporibus reprehenderit ad atque cum est. Commodi consequatur soluta officiis veniam nobis corrupti tenetur dolorem reprehenderit sunt vitae iure suscipit adipisci explicabo qui facere! Ea dolore quas maxime facere tenetur illum quibusdam sapiente dolorem nesciunt laudantium necessitatibus accusamus ab libero.</p><p>Lorem ipsum dolor sit amet, consectetur adipisicing elit. Temporibus reprehenderit ad atque cum est. Commodi consequatur soluta officiis veniam nobis corrupti tenetur dolorem reprehenderit sunt vitae iure suscipit adipisci explicabo qui facere! Ea dolore quas maxime facere tenetur illum quibusdam sapiente dolorem nesciunt laudantium necessitatibus accusamus ab libero.</p><p>Lorem ipsum dolor sit amet, consectetur adipisicing elit. Temporibus reprehenderit ad atque cum est. Commodi consequatur soluta officiis veniam nobis corrupti tenetur dolorem reprehenderit sunt vitae iure suscipit adipisci explicabo qui facere! Ea dolore quas maxime facere tenetur illum quibusdam sapiente dolorem nesciunt laudantium necessitatibus accusamus ab libero.</p><p>Lorem ipsum dolor sit amet, consectetur adipisicing elit. Temporibus reprehenderit ad atque cum est. Commodi consequatur soluta officiis veniam nobis corrupti tenetur dolorem reprehenderit sunt vitae iure suscipit adipisci explicabo qui facere! Ea dolore quas maxime facere tenetur illum quibusdam sapiente dolorem nesciunt laudantium necessitatibus accusamus ab libero.</p>',1,1,'2016-08-28 21:00:00','2016-08-29 11:58:27','2016-08-29 11:58:27'),(17,'asdfasdf','<p>Lorem ipsum dolor sit amet, consectetur adipisicing elit. Temporibus reprehenderit ad atque cum est. Commodi consequatur soluta officiis veniam nobis corrupti tenetur dolorem reprehenderit sunt vitae iure suscipit adipisci explicabo qui facere! Ea dolore quas maxime facere tenetur illum quibusdam sapiente dolorem nesciunt laudantium necessitatibus accusamus ab libero.</p>','Text for article five<p>Lorem ipsum dolor sit amet, consectetur adipisicing elit. Temporibus reprehenderit ad atque cum est. Commodi consequatur soluta officiis veniam nobis corrupti tenetur dolorem reprehenderit sunt vitae iure suscipit adipisci explicabo qui facere! Ea dolore quas maxime facere tenetur illum quibusdam sapiente dolorem nesciunt laudantium necessitatibus accusamus ab libero.</p><p>Lorem ipsum dolor sit amet, consectetur adipisicing elit. Temporibus reprehenderit ad atque cum est. Commodi consequatur soluta officiis veniam nobis corrupti tenetur dolorem reprehenderit sunt vitae iure suscipit adipisci explicabo qui facere! Ea dolore quas maxime facere tenetur illum quibusdam sapiente dolorem nesciunt laudantium necessitatibus accusamus ab libero.</p><p>Lorem ipsum dolor sit amet, consectetur adipisicing elit. Temporibus reprehenderit ad atque cum est. Commodi consequatur soluta officiis veniam nobis corrupti tenetur dolorem reprehenderit sunt vitae iure suscipit adipisci explicabo qui facere! Ea dolore quas maxime facere tenetur illum quibusdam sapiente dolorem nesciunt laudantium necessitatibus accusamus ab libero.</p><p>Lorem ipsum dolor sit amet, consectetur adipisicing elit. Temporibus reprehenderit ad atque cum est. Commodi consequatur soluta officiis veniam nobis corrupti tenetur dolorem reprehenderit sunt vitae iure suscipit adipisci explicabo qui facere! Ea dolore quas maxime facere tenetur illum quibusdam sapiente dolorem nesciunt laudantium necessitatibus accusamus ab libero.</p><p>Lorem ipsum dolor sit amet, consectetur adipisicing elit. Temporibus reprehenderit ad atque cum est. Commodi consequatur soluta officiis veniam nobis corrupti tenetur dolorem reprehenderit sunt vitae iure suscipit adipisci explicabo qui facere! Ea dolore quas maxime facere tenetur illum quibusdam sapiente dolorem nesciunt laudantium necessitatibus accusamus ab libero.</p><p>Lorem ipsum dolor sit amet, consectetur adipisicing elit. Temporibus reprehenderit ad atque cum est. Commodi consequatur soluta officiis veniam nobis corrupti tenetur dolorem reprehenderit sunt vitae iure suscipit adipisci explicabo qui facere! Ea dolore quas maxime facere tenetur illum quibusdam sapiente dolorem nesciunt laudantium necessitatibus accusamus ab libero.</p><p>Lorem ipsum dolor sit amet, consectetur adipisicing elit. Temporibus reprehenderit ad atque cum est. Commodi consequatur soluta officiis veniam nobis corrupti tenetur dolorem reprehenderit sunt vitae iure suscipit adipisci explicabo qui facere! Ea dolore quas maxime facere tenetur illum quibusdam sapiente dolorem nesciunt laudantium necessitatibus accusamus ab libero.</p><p>Lorem ipsum dolor sit amet, consectetur adipisicing elit. Temporibus reprehenderit ad atque cum est. Commodi consequatur soluta officiis veniam nobis corrupti tenetur dolorem reprehenderit sunt vitae iure suscipit adipisci explicabo qui facere! Ea dolore quas maxime facere tenetur illum quibusdam sapiente dolorem nesciunt laudantium necessitatibus accusamus ab libero.</p>',1,1,'2016-08-28 21:00:00','2016-08-29 11:59:31','2016-08-29 11:59:31'),(18,'asdfasd','<p>Lorem ipsum dolor sit amet, consectetur adipisicing elit. Temporibus reprehenderit ad atque cum est. Commodi consequatur soluta officiis veniam nobis corrupti tenetur dolorem reprehenderit sunt vitae iure suscipit adipisci explicabo qui facere! Ea dolore quas maxime facere tenetur illum quibusdam sapiente dolorem nesciunt laudantium necessitatibus accusamus ab libero.</p>','Text for article five<p>Lorem ipsum dolor sit amet, consectetur adipisicing elit. Temporibus reprehenderit ad atque cum est. Commodi consequatur soluta officiis veniam nobis corrupti tenetur dolorem reprehenderit sunt vitae iure suscipit adipisci explicabo qui facere! Ea dolore quas maxime facere tenetur illum quibusdam sapiente dolorem nesciunt laudantium necessitatibus accusamus ab libero.</p><p>Lorem ipsum dolor sit amet, consectetur adipisicing elit. Temporibus reprehenderit ad atque cum est. Commodi consequatur soluta officiis veniam nobis corrupti tenetur dolorem reprehenderit sunt vitae iure suscipit adipisci explicabo qui facere! Ea dolore quas maxime facere tenetur illum quibusdam sapiente dolorem nesciunt laudantium necessitatibus accusamus ab libero.</p><p>Lorem ipsum dolor sit amet, consectetur adipisicing elit. Temporibus reprehenderit ad atque cum est. Commodi consequatur soluta officiis veniam nobis corrupti tenetur dolorem reprehenderit sunt vitae iure suscipit adipisci explicabo qui facere! Ea dolore quas maxime facere tenetur illum quibusdam sapiente dolorem nesciunt laudantium necessitatibus accusamus ab libero.</p><p>Lorem ipsum dolor sit amet, consectetur adipisicing elit. Temporibus reprehenderit ad atque cum est. Commodi consequatur soluta officiis veniam nobis corrupti tenetur dolorem reprehenderit sunt vitae iure suscipit adipisci explicabo qui facere! Ea dolore quas maxime facere tenetur illum quibusdam sapiente dolorem nesciunt laudantium necessitatibus accusamus ab libero.</p><p>Lorem ipsum dolor sit amet, consectetur adipisicing elit. Temporibus reprehenderit ad atque cum est. Commodi consequatur soluta officiis veniam nobis corrupti tenetur dolorem reprehenderit sunt vitae iure suscipit adipisci explicabo qui facere! Ea dolore quas maxime facere tenetur illum quibusdam sapiente dolorem nesciunt laudantium necessitatibus accusamus ab libero.</p><p>Lorem ipsum dolor sit amet, consectetur adipisicing elit. Temporibus reprehenderit ad atque cum est. Commodi consequatur soluta officiis veniam nobis corrupti tenetur dolorem reprehenderit sunt vitae iure suscipit adipisci explicabo qui facere! Ea dolore quas maxime facere tenetur illum quibusdam sapiente dolorem nesciunt laudantium necessitatibus accusamus ab libero.</p><p>Lorem ipsum dolor sit amet, consectetur adipisicing elit. Temporibus reprehenderit ad atque cum est. Commodi consequatur soluta officiis veniam nobis corrupti tenetur dolorem reprehenderit sunt vitae iure suscipit adipisci explicabo qui facere! Ea dolore quas maxime facere tenetur illum quibusdam sapiente dolorem nesciunt laudantium necessitatibus accusamus ab libero.</p><p>Lorem ipsum dolor sit amet, consectetur adipisicing elit. Temporibus reprehenderit ad atque cum est. Commodi consequatur soluta officiis veniam nobis corrupti tenetur dolorem reprehenderit sunt vitae iure suscipit adipisci explicabo qui facere! Ea dolore quas maxime facere tenetur illum quibusdam sapiente dolorem nesciunt laudantium necessitatibus accusamus ab libero.</p>',1,1,'2016-08-28 21:00:00','2016-08-29 12:00:10','2016-08-29 12:00:10'),(19,'Post one','<p>Lorem ipsum dolor sit amet, consectetur adipisicing elit. Temporibus reprehenderit ad atque cum est. Commodi consequatur soluta officiis veniam nobis corrupti tenetur dolorem reprehenderit sunt vitae iure suscipit adipisci explicabo qui facere! Ea dolore quas maxime facere tenetur illum quibusdam sapiente dolorem nesciunt laudantium necessitatibus accusamus ab libero.</p>','Text for article five<p>Lorem ipsum dolor sit amet, consectetur adipisicing elit. Temporibus reprehenderit ad atque cum est. Commodi consequatur soluta officiis veniam nobis corrupti tenetur dolorem reprehenderit sunt vitae iure suscipit adipisci explicabo qui facere! Ea dolore quas maxime facere tenetur illum quibusdam sapiente dolorem nesciunt laudantium necessitatibus accusamus ab libero.</p><p>Lorem ipsum dolor sit amet, consectetur adipisicing elit. Temporibus reprehenderit ad atque cum est. Commodi consequatur soluta officiis veniam nobis corrupti tenetur dolorem reprehenderit sunt vitae iure suscipit adipisci explicabo qui facere! Ea dolore quas maxime facere tenetur illum quibusdam sapiente dolorem nesciunt laudantium necessitatibus accusamus ab libero.</p><p>Lorem ipsum dolor sit amet, consectetur adipisicing elit. Temporibus reprehenderit ad atque cum est. Commodi consequatur soluta officiis veniam nobis corrupti tenetur dolorem reprehenderit sunt vitae iure suscipit adipisci explicabo qui facere! Ea dolore quas maxime facere tenetur illum quibusdam sapiente dolorem nesciunt laudantium necessitatibus accusamus ab libero.</p><p>Lorem ipsum dolor sit amet, consectetur adipisicing elit. Temporibus reprehenderit ad atque cum est. Commodi consequatur soluta officiis veniam nobis corrupti tenetur dolorem reprehenderit sunt vitae iure suscipit adipisci explicabo qui facere! Ea dolore quas maxime facere tenetur illum quibusdam sapiente dolorem nesciunt laudantium necessitatibus accusamus ab libero.</p><p>Lorem ipsum dolor sit amet, consectetur adipisicing elit. Temporibus reprehenderit ad atque cum est. Commodi consequatur soluta officiis veniam nobis corrupti tenetur dolorem reprehenderit sunt vitae iure suscipit adipisci explicabo qui facere! Ea dolore quas maxime facere tenetur illum quibusdam sapiente dolorem nesciunt laudantium necessitatibus accusamus ab libero.</p><p>Lorem ipsum dolor sit amet, consectetur adipisicing elit. Temporibus reprehenderit ad atque cum est. Commodi consequatur soluta officiis veniam nobis corrupti tenetur dolorem reprehenderit sunt vitae iure suscipit adipisci explicabo qui facere! Ea dolore quas maxime facere tenetur illum quibusdam sapiente dolorem nesciunt laudantium necessitatibus accusamus ab libero.</p><p>Lorem ipsum dolor sit amet, consectetur adipisicing elit. Temporibus reprehenderit ad atque cum est. Commodi consequatur soluta officiis veniam nobis corrupti tenetur dolorem reprehenderit sunt vitae iure suscipit adipisci explicabo qui facere! Ea dolore quas maxime facere tenetur illum quibusdam sapiente dolorem nesciunt laudantium necessitatibus accusamus ab libero.</p><p>Lorem ipsum dolor sit amet, consectetur adipisicing elit. Temporibus reprehenderit ad atque cum est. Commodi consequatur soluta officiis veniam nobis corrupti tenetur dolorem reprehenderit sunt vitae iure suscipit adipisci explicabo qui facere! Ea dolore quas maxime facere tenetur illum quibusdam sapiente dolorem nesciunt laudantium necessitatibus accusamus ab libero.</p>',2,2,'2016-08-28 21:00:00','2016-08-29 12:37:10','2016-08-29 12:37:10'),(20,'Post two','<p>Lorem ipsum dolor sit amet, consectetur adipisicing elit. Temporibus reprehenderit ad atque cum est. Commodi consequatur soluta officiis veniam nobis corrupti tenetur dolorem reprehenderit sunt vitae iure suscipit adipisci explicabo qui facere! Ea dolore quas maxime facere tenetur illum quibusdam sapiente dolorem nesciunt laudantium necessitatibus accusamus ab libero.</p>','Text for article five<p>Lorem ipsum dolor sit amet, consectetur adipisicing elit. Temporibus reprehenderit ad atque cum est. Commodi consequatur soluta officiis veniam nobis corrupti tenetur dolorem reprehenderit sunt vitae iure suscipit adipisci explicabo qui facere! Ea dolore quas maxime facere tenetur illum quibusdam sapiente dolorem nesciunt laudantium necessitatibus accusamus ab libero.</p><p>Lorem ipsum dolor sit amet, consectetur adipisicing elit. Temporibus reprehenderit ad atque cum est. Commodi consequatur soluta officiis veniam nobis corrupti tenetur dolorem reprehenderit sunt vitae iure suscipit adipisci explicabo qui facere! Ea dolore quas maxime facere tenetur illum quibusdam sapiente dolorem nesciunt laudantium necessitatibus accusamus ab libero.</p><p>Lorem ipsum dolor sit amet, consectetur adipisicing elit. Temporibus reprehenderit ad atque cum est. Commodi consequatur soluta officiis veniam nobis corrupti tenetur dolorem reprehenderit sunt vitae iure suscipit adipisci explicabo qui facere! Ea dolore quas maxime facere tenetur illum quibusdam sapiente dolorem nesciunt laudantium necessitatibus accusamus ab libero.</p><p>Lorem ipsum dolor sit amet, consectetur adipisicing elit. Temporibus reprehenderit ad atque cum est. Commodi consequatur soluta officiis veniam nobis corrupti tenetur dolorem reprehenderit sunt vitae iure suscipit adipisci explicabo qui facere! Ea dolore quas maxime facere tenetur illum quibusdam sapiente dolorem nesciunt laudantium necessitatibus accusamus ab libero.</p><p>Lorem ipsum dolor sit amet, consectetur adipisicing elit. Temporibus reprehenderit ad atque cum est. Commodi consequatur soluta officiis veniam nobis corrupti tenetur dolorem reprehenderit sunt vitae iure suscipit adipisci explicabo qui facere! Ea dolore quas maxime facere tenetur illum quibusdam sapiente dolorem nesciunt laudantium necessitatibus accusamus ab libero.</p><p>Lorem ipsum dolor sit amet, consectetur adipisicing elit. Temporibus reprehenderit ad atque cum est. Commodi consequatur soluta officiis veniam nobis corrupti tenetur dolorem reprehenderit sunt vitae iure suscipit adipisci explicabo qui facere! Ea dolore quas maxime facere tenetur illum quibusdam sapiente dolorem nesciunt laudantium necessitatibus accusamus ab libero.</p><p>Lorem ipsum dolor sit amet, consectetur adipisicing elit. Temporibus reprehenderit ad atque cum est. Commodi consequatur soluta officiis veniam nobis corrupti tenetur dolorem reprehenderit sunt vitae iure suscipit adipisci explicabo qui facere! Ea dolore quas maxime facere tenetur illum quibusdam sapiente dolorem nesciunt laudantium necessitatibus accusamus ab libero.</p><p>Lorem ipsum dolor sit amet, consectetur adipisicing elit. Temporibus reprehenderit ad atque cum est. Commodi consequatur soluta officiis veniam nobis corrupti tenetur dolorem reprehenderit sunt vitae iure suscipit adipisci explicabo qui facere! Ea dolore quas maxime facere tenetur illum quibusdam sapiente dolorem nesciunt laudantium necessitatibus accusamus ab libero.</p>',2,2,'2016-08-28 21:00:00','2016-08-29 12:37:10','2016-08-29 12:37:10'),(21,'Post three','<p>Lorem ipsum dolor sit amet, consectetur adipisicing elit. Temporibus reprehenderit ad atque cum est. Commodi consequatur soluta officiis veniam nobis corrupti tenetur dolorem reprehenderit sunt vitae iure suscipit adipisci explicabo qui facere! Ea dolore quas maxime facere tenetur illum quibusdam sapiente dolorem nesciunt laudantium necessitatibus accusamus ab libero.</p>','Text for article five<p>Lorem ipsum dolor sit amet, consectetur adipisicing elit. Temporibus reprehenderit ad atque cum est. Commodi consequatur soluta officiis veniam nobis corrupti tenetur dolorem reprehenderit sunt vitae iure suscipit adipisci explicabo qui facere! Ea dolore quas maxime facere tenetur illum quibusdam sapiente dolorem nesciunt laudantium necessitatibus accusamus ab libero.</p><p>Lorem ipsum dolor sit amet, consectetur adipisicing elit. Temporibus reprehenderit ad atque cum est. Commodi consequatur soluta officiis veniam nobis corrupti tenetur dolorem reprehenderit sunt vitae iure suscipit adipisci explicabo qui facere! Ea dolore quas maxime facere tenetur illum quibusdam sapiente dolorem nesciunt laudantium necessitatibus accusamus ab libero.</p><p>Lorem ipsum dolor sit amet, consectetur adipisicing elit. Temporibus reprehenderit ad atque cum est. Commodi consequatur soluta officiis veniam nobis corrupti tenetur dolorem reprehenderit sunt vitae iure suscipit adipisci explicabo qui facere! Ea dolore quas maxime facere tenetur illum quibusdam sapiente dolorem nesciunt laudantium necessitatibus accusamus ab libero.</p><p>Lorem ipsum dolor sit amet, consectetur adipisicing elit. Temporibus reprehenderit ad atque cum est. Commodi consequatur soluta officiis veniam nobis corrupti tenetur dolorem reprehenderit sunt vitae iure suscipit adipisci explicabo qui facere! Ea dolore quas maxime facere tenetur illum quibusdam sapiente dolorem nesciunt laudantium necessitatibus accusamus ab libero.</p><p>Lorem ipsum dolor sit amet, consectetur adipisicing elit. Temporibus reprehenderit ad atque cum est. Commodi consequatur soluta officiis veniam nobis corrupti tenetur dolorem reprehenderit sunt vitae iure suscipit adipisci explicabo qui facere! Ea dolore quas maxime facere tenetur illum quibusdam sapiente dolorem nesciunt laudantium necessitatibus accusamus ab libero.</p><p>Lorem ipsum dolor sit amet, consectetur adipisicing elit. Temporibus reprehenderit ad atque cum est. Commodi consequatur soluta officiis veniam nobis corrupti tenetur dolorem reprehenderit sunt vitae iure suscipit adipisci explicabo qui facere! Ea dolore quas maxime facere tenetur illum quibusdam sapiente dolorem nesciunt laudantium necessitatibus accusamus ab libero.</p><p>Lorem ipsum dolor sit amet, consectetur adipisicing elit. Temporibus reprehenderit ad atque cum est. Commodi consequatur soluta officiis veniam nobis corrupti tenetur dolorem reprehenderit sunt vitae iure suscipit adipisci explicabo qui facere! Ea dolore quas maxime facere tenetur illum quibusdam sapiente dolorem nesciunt laudantium necessitatibus accusamus ab libero.</p><p>Lorem ipsum dolor sit amet, consectetur adipisicing elit. Temporibus reprehenderit ad atque cum est. Commodi consequatur soluta officiis veniam nobis corrupti tenetur dolorem reprehenderit sunt vitae iure suscipit adipisci explicabo qui facere! Ea dolore quas maxime facere tenetur illum quibusdam sapiente dolorem nesciunt laudantium necessitatibus accusamus ab libero.</p>',2,2,'2016-08-28 21:00:00','2016-08-29 12:37:10','2016-08-29 12:37:10'),(22,'Post four','<p>Lorem ipsum dolor sit amet, consectetur adipisicing elit. Temporibus reprehenderit ad atque cum est. Commodi consequatur soluta officiis veniam nobis corrupti tenetur dolorem reprehenderit sunt vitae iure suscipit adipisci explicabo qui facere! Ea dolore quas maxime facere tenetur illum quibusdam sapiente dolorem nesciunt laudantium necessitatibus accusamus ab libero.</p>','Text for article five<p>Lorem ipsum dolor sit amet, consectetur adipisicing elit. Temporibus reprehenderit ad atque cum est. Commodi consequatur soluta officiis veniam nobis corrupti tenetur dolorem reprehenderit sunt vitae iure suscipit adipisci explicabo qui facere! Ea dolore quas maxime facere tenetur illum quibusdam sapiente dolorem nesciunt laudantium necessitatibus accusamus ab libero.</p><p>Lorem ipsum dolor sit amet, consectetur adipisicing elit. Temporibus reprehenderit ad atque cum est. Commodi consequatur soluta officiis veniam nobis corrupti tenetur dolorem reprehenderit sunt vitae iure suscipit adipisci explicabo qui facere! Ea dolore quas maxime facere tenetur illum quibusdam sapiente dolorem nesciunt laudantium necessitatibus accusamus ab libero.</p><p>Lorem ipsum dolor sit amet, consectetur adipisicing elit. Temporibus reprehenderit ad atque cum est. Commodi consequatur soluta officiis veniam nobis corrupti tenetur dolorem reprehenderit sunt vitae iure suscipit adipisci explicabo qui facere! Ea dolore quas maxime facere tenetur illum quibusdam sapiente dolorem nesciunt laudantium necessitatibus accusamus ab libero.</p><p>Lorem ipsum dolor sit amet, consectetur adipisicing elit. Temporibus reprehenderit ad atque cum est. Commodi consequatur soluta officiis veniam nobis corrupti tenetur dolorem reprehenderit sunt vitae iure suscipit adipisci explicabo qui facere! Ea dolore quas maxime facere tenetur illum quibusdam sapiente dolorem nesciunt laudantium necessitatibus accusamus ab libero.</p><p>Lorem ipsum dolor sit amet, consectetur adipisicing elit. Temporibus reprehenderit ad atque cum est. Commodi consequatur soluta officiis veniam nobis corrupti tenetur dolorem reprehenderit sunt vitae iure suscipit adipisci explicabo qui facere! Ea dolore quas maxime facere tenetur illum quibusdam sapiente dolorem nesciunt laudantium necessitatibus accusamus ab libero.</p><p>Lorem ipsum dolor sit amet, consectetur adipisicing elit. Temporibus reprehenderit ad atque cum est. Commodi consequatur soluta officiis veniam nobis corrupti tenetur dolorem reprehenderit sunt vitae iure suscipit adipisci explicabo qui facere! Ea dolore quas maxime facere tenetur illum quibusdam sapiente dolorem nesciunt laudantium necessitatibus accusamus ab libero.</p><p>Lorem ipsum dolor sit amet, consectetur adipisicing elit. Temporibus reprehenderit ad atque cum est. Commodi consequatur soluta officiis veniam nobis corrupti tenetur dolorem reprehenderit sunt vitae iure suscipit adipisci explicabo qui facere! Ea dolore quas maxime facere tenetur illum quibusdam sapiente dolorem nesciunt laudantium necessitatibus accusamus ab libero.</p><p>Lorem ipsum dolor sit amet, consectetur adipisicing elit. Temporibus reprehenderit ad atque cum est. Commodi consequatur soluta officiis veniam nobis corrupti tenetur dolorem reprehenderit sunt vitae iure suscipit adipisci explicabo qui facere! Ea dolore quas maxime facere tenetur illum quibusdam sapiente dolorem nesciunt laudantium necessitatibus accusamus ab libero.</p>',2,2,'2016-08-29 21:00:00','2016-08-29 12:37:10','2016-08-29 12:37:10'),(23,'Post five','<p>Lorem ipsum dolor sit amet, consectetur adipisicing elit. Temporibus reprehenderit ad atque cum est. Commodi consequatur soluta officiis veniam nobis corrupti tenetur dolorem reprehenderit sunt vitae iure suscipit adipisci explicabo qui facere! Ea dolore quas maxime facere tenetur illum quibusdam sapiente dolorem nesciunt laudantium necessitatibus accusamus ab libero.</p>','Text for article five<p>Lorem ipsum dolor sit amet, consectetur adipisicing elit. Temporibus reprehenderit ad atque cum est. Commodi consequatur soluta officiis veniam nobis corrupti tenetur dolorem reprehenderit sunt vitae iure suscipit adipisci explicabo qui facere! Ea dolore quas maxime facere tenetur illum quibusdam sapiente dolorem nesciunt laudantium necessitatibus accusamus ab libero.</p><p>Lorem ipsum dolor sit amet, consectetur adipisicing elit. Temporibus reprehenderit ad atque cum est. Commodi consequatur soluta officiis veniam nobis corrupti tenetur dolorem reprehenderit sunt vitae iure suscipit adipisci explicabo qui facere! Ea dolore quas maxime facere tenetur illum quibusdam sapiente dolorem nesciunt laudantium necessitatibus accusamus ab libero.</p><p>Lorem ipsum dolor sit amet, consectetur adipisicing elit. Temporibus reprehenderit ad atque cum est. Commodi consequatur soluta officiis veniam nobis corrupti tenetur dolorem reprehenderit sunt vitae iure suscipit adipisci explicabo qui facere! Ea dolore quas maxime facere tenetur illum quibusdam sapiente dolorem nesciunt laudantium necessitatibus accusamus ab libero.</p><p>Lorem ipsum dolor sit amet, consectetur adipisicing elit. Temporibus reprehenderit ad atque cum est. Commodi consequatur soluta officiis veniam nobis corrupti tenetur dolorem reprehenderit sunt vitae iure suscipit adipisci explicabo qui facere! Ea dolore quas maxime facere tenetur illum quibusdam sapiente dolorem nesciunt laudantium necessitatibus accusamus ab libero.</p><p>Lorem ipsum dolor sit amet, consectetur adipisicing elit. Temporibus reprehenderit ad atque cum est. Commodi consequatur soluta officiis veniam nobis corrupti tenetur dolorem reprehenderit sunt vitae iure suscipit adipisci explicabo qui facere! Ea dolore quas maxime facere tenetur illum quibusdam sapiente dolorem nesciunt laudantium necessitatibus accusamus ab libero.</p><p>Lorem ipsum dolor sit amet, consectetur adipisicing elit. Temporibus reprehenderit ad atque cum est. Commodi consequatur soluta officiis veniam nobis corrupti tenetur dolorem reprehenderit sunt vitae iure suscipit adipisci explicabo qui facere! Ea dolore quas maxime facere tenetur illum quibusdam sapiente dolorem nesciunt laudantium necessitatibus accusamus ab libero.</p><p>Lorem ipsum dolor sit amet, consectetur adipisicing elit. Temporibus reprehenderit ad atque cum est. Commodi consequatur soluta officiis veniam nobis corrupti tenetur dolorem reprehenderit sunt vitae iure suscipit adipisci explicabo qui facere! Ea dolore quas maxime facere tenetur illum quibusdam sapiente dolorem nesciunt laudantium necessitatibus accusamus ab libero.</p><p>Lorem ipsum dolor sit amet, consectetur adipisicing elit. Temporibus reprehenderit ad atque cum est. Commodi consequatur soluta officiis veniam nobis corrupti tenetur dolorem reprehenderit sunt vitae iure suscipit adipisci explicabo qui facere! Ea dolore quas maxime facere tenetur illum quibusdam sapiente dolorem nesciunt laudantium necessitatibus accusamus ab libero.</p>',2,2,'2016-08-30 21:00:00','2016-08-29 12:37:10','2016-08-29 12:37:10'),(24,'Post six','<p>Lorem ipsum dolor sit amet, consectetur adipisicing elit. Temporibus reprehenderit ad atque cum est. Commodi consequatur soluta officiis veniam nobis corrupti tenetur dolorem reprehenderit sunt vitae iure suscipit adipisci explicabo qui facere! Ea dolore quas maxime facere tenetur illum quibusdam sapiente dolorem nesciunt laudantium necessitatibus accusamus ab libero.</p>','Text for article five<p>Lorem ipsum dolor sit amet, consectetur adipisicing elit. Temporibus reprehenderit ad atque cum est. Commodi consequatur soluta officiis veniam nobis corrupti tenetur dolorem reprehenderit sunt vitae iure suscipit adipisci explicabo qui facere! Ea dolore quas maxime facere tenetur illum quibusdam sapiente dolorem nesciunt laudantium necessitatibus accusamus ab libero.</p><p>Lorem ipsum dolor sit amet, consectetur adipisicing elit. Temporibus reprehenderit ad atque cum est. Commodi consequatur soluta officiis veniam nobis corrupti tenetur dolorem reprehenderit sunt vitae iure suscipit adipisci explicabo qui facere! Ea dolore quas maxime facere tenetur illum quibusdam sapiente dolorem nesciunt laudantium necessitatibus accusamus ab libero.</p><p>Lorem ipsum dolor sit amet, consectetur adipisicing elit. Temporibus reprehenderit ad atque cum est. Commodi consequatur soluta officiis veniam nobis corrupti tenetur dolorem reprehenderit sunt vitae iure suscipit adipisci explicabo qui facere! Ea dolore quas maxime facere tenetur illum quibusdam sapiente dolorem nesciunt laudantium necessitatibus accusamus ab libero.</p><p>Lorem ipsum dolor sit amet, consectetur adipisicing elit. Temporibus reprehenderit ad atque cum est. Commodi consequatur soluta officiis veniam nobis corrupti tenetur dolorem reprehenderit sunt vitae iure suscipit adipisci explicabo qui facere! Ea dolore quas maxime facere tenetur illum quibusdam sapiente dolorem nesciunt laudantium necessitatibus accusamus ab libero.</p><p>Lorem ipsum dolor sit amet, consectetur adipisicing elit. Temporibus reprehenderit ad atque cum est. Commodi consequatur soluta officiis veniam nobis corrupti tenetur dolorem reprehenderit sunt vitae iure suscipit adipisci explicabo qui facere! Ea dolore quas maxime facere tenetur illum quibusdam sapiente dolorem nesciunt laudantium necessitatibus accusamus ab libero.</p><p>Lorem ipsum dolor sit amet, consectetur adipisicing elit. Temporibus reprehenderit ad atque cum est. Commodi consequatur soluta officiis veniam nobis corrupti tenetur dolorem reprehenderit sunt vitae iure suscipit adipisci explicabo qui facere! Ea dolore quas maxime facere tenetur illum quibusdam sapiente dolorem nesciunt laudantium necessitatibus accusamus ab libero.</p><p>Lorem ipsum dolor sit amet, consectetur adipisicing elit. Temporibus reprehenderit ad atque cum est. Commodi consequatur soluta officiis veniam nobis corrupti tenetur dolorem reprehenderit sunt vitae iure suscipit adipisci explicabo qui facere! Ea dolore quas maxime facere tenetur illum quibusdam sapiente dolorem nesciunt laudantium necessitatibus accusamus ab libero.</p><p>Lorem ipsum dolor sit amet, consectetur adipisicing elit. Temporibus reprehenderit ad atque cum est. Commodi consequatur soluta officiis veniam nobis corrupti tenetur dolorem reprehenderit sunt vitae iure suscipit adipisci explicabo qui facere! Ea dolore quas maxime facere tenetur illum quibusdam sapiente dolorem nesciunt laudantium necessitatibus accusamus ab libero.</p>',2,2,'2016-08-28 21:00:00','2016-08-29 12:37:10','2016-08-29 12:37:10'),(25,'Post seven','<p>Lorem ipsum dolor sit amet, consectetur adipisicing elit. Temporibus reprehenderit ad atque cum est. Commodi consequatur soluta officiis veniam nobis corrupti tenetur dolorem reprehenderit sunt vitae iure suscipit adipisci explicabo qui facere! Ea dolore quas maxime facere tenetur illum quibusdam sapiente dolorem nesciunt laudantium necessitatibus accusamus ab libero.</p>','Text for article five<p>Lorem ipsum dolor sit amet, consectetur adipisicing elit. Temporibus reprehenderit ad atque cum est. Commodi consequatur soluta officiis veniam nobis corrupti tenetur dolorem reprehenderit sunt vitae iure suscipit adipisci explicabo qui facere! Ea dolore quas maxime facere tenetur illum quibusdam sapiente dolorem nesciunt laudantium necessitatibus accusamus ab libero.</p><p>Lorem ipsum dolor sit amet, consectetur adipisicing elit. Temporibus reprehenderit ad atque cum est. Commodi consequatur soluta officiis veniam nobis corrupti tenetur dolorem reprehenderit sunt vitae iure suscipit adipisci explicabo qui facere! Ea dolore quas maxime facere tenetur illum quibusdam sapiente dolorem nesciunt laudantium necessitatibus accusamus ab libero.</p><p>Lorem ipsum dolor sit amet, consectetur adipisicing elit. Temporibus reprehenderit ad atque cum est. Commodi consequatur soluta officiis veniam nobis corrupti tenetur dolorem reprehenderit sunt vitae iure suscipit adipisci explicabo qui facere! Ea dolore quas maxime facere tenetur illum quibusdam sapiente dolorem nesciunt laudantium necessitatibus accusamus ab libero.</p><p>Lorem ipsum dolor sit amet, consectetur adipisicing elit. Temporibus reprehenderit ad atque cum est. Commodi consequatur soluta officiis veniam nobis corrupti tenetur dolorem reprehenderit sunt vitae iure suscipit adipisci explicabo qui facere! Ea dolore quas maxime facere tenetur illum quibusdam sapiente dolorem nesciunt laudantium necessitatibus accusamus ab libero.</p><p>Lorem ipsum dolor sit amet, consectetur adipisicing elit. Temporibus reprehenderit ad atque cum est. Commodi consequatur soluta officiis veniam nobis corrupti tenetur dolorem reprehenderit sunt vitae iure suscipit adipisci explicabo qui facere! Ea dolore quas maxime facere tenetur illum quibusdam sapiente dolorem nesciunt laudantium necessitatibus accusamus ab libero.</p><p>Lorem ipsum dolor sit amet, consectetur adipisicing elit. Temporibus reprehenderit ad atque cum est. Commodi consequatur soluta officiis veniam nobis corrupti tenetur dolorem reprehenderit sunt vitae iure suscipit adipisci explicabo qui facere! Ea dolore quas maxime facere tenetur illum quibusdam sapiente dolorem nesciunt laudantium necessitatibus accusamus ab libero.</p><p>Lorem ipsum dolor sit amet, consectetur adipisicing elit. Temporibus reprehenderit ad atque cum est. Commodi consequatur soluta officiis veniam nobis corrupti tenetur dolorem reprehenderit sunt vitae iure suscipit adipisci explicabo qui facere! Ea dolore quas maxime facere tenetur illum quibusdam sapiente dolorem nesciunt laudantium necessitatibus accusamus ab libero.</p><p>Lorem ipsum dolor sit amet, consectetur adipisicing elit. Temporibus reprehenderit ad atque cum est. Commodi consequatur soluta officiis veniam nobis corrupti tenetur dolorem reprehenderit sunt vitae iure suscipit adipisci explicabo qui facere! Ea dolore quas maxime facere tenetur illum quibusdam sapiente dolorem nesciunt laudantium necessitatibus accusamus ab libero.</p>',2,2,'2016-08-28 21:00:00','2016-08-29 13:15:55','2016-08-29 13:15:55'),(26,'Post eight','<p>Lorem ipsum dolor sit amet, consectetur adipisicing elit. Temporibus reprehenderit ad atque cum est. Commodi consequatur soluta officiis veniam nobis corrupti tenetur dolorem reprehenderit sunt vitae iure suscipit adipisci explicabo qui facere! Ea dolore quas maxime facere tenetur illum quibusdam sapiente dolorem nesciunt laudantium necessitatibus accusamus ab libero.</p>','Text for article five<p>Lorem ipsum dolor sit amet, consectetur adipisicing elit. Temporibus reprehenderit ad atque cum est. Commodi consequatur soluta officiis veniam nobis corrupti tenetur dolorem reprehenderit sunt vitae iure suscipit adipisci explicabo qui facere! Ea dolore quas maxime facere tenetur illum quibusdam sapiente dolorem nesciunt laudantium necessitatibus accusamus ab libero.</p><p>Lorem ipsum dolor sit amet, consectetur adipisicing elit. Temporibus reprehenderit ad atque cum est. Commodi consequatur soluta officiis veniam nobis corrupti tenetur dolorem reprehenderit sunt vitae iure suscipit adipisci explicabo qui facere! Ea dolore quas maxime facere tenetur illum quibusdam sapiente dolorem nesciunt laudantium necessitatibus accusamus ab libero.</p><p>Lorem ipsum dolor sit amet, consectetur adipisicing elit. Temporibus reprehenderit ad atque cum est. Commodi consequatur soluta officiis veniam nobis corrupti tenetur dolorem reprehenderit sunt vitae iure suscipit adipisci explicabo qui facere! Ea dolore quas maxime facere tenetur illum quibusdam sapiente dolorem nesciunt laudantium necessitatibus accusamus ab libero.</p><p>Lorem ipsum dolor sit amet, consectetur adipisicing elit. Temporibus reprehenderit ad atque cum est. Commodi consequatur soluta officiis veniam nobis corrupti tenetur dolorem reprehenderit sunt vitae iure suscipit adipisci explicabo qui facere! Ea dolore quas maxime facere tenetur illum quibusdam sapiente dolorem nesciunt laudantium necessitatibus accusamus ab libero.</p><p>Lorem ipsum dolor sit amet, consectetur adipisicing elit. Temporibus reprehenderit ad atque cum est. Commodi consequatur soluta officiis veniam nobis corrupti tenetur dolorem reprehenderit sunt vitae iure suscipit adipisci explicabo qui facere! Ea dolore quas maxime facere tenetur illum quibusdam sapiente dolorem nesciunt laudantium necessitatibus accusamus ab libero.</p><p>Lorem ipsum dolor sit amet, consectetur adipisicing elit. Temporibus reprehenderit ad atque cum est. Commodi consequatur soluta officiis veniam nobis corrupti tenetur dolorem reprehenderit sunt vitae iure suscipit adipisci explicabo qui facere! Ea dolore quas maxime facere tenetur illum quibusdam sapiente dolorem nesciunt laudantium necessitatibus accusamus ab libero.</p><p>Lorem ipsum dolor sit amet, consectetur adipisicing elit. Temporibus reprehenderit ad atque cum est. Commodi consequatur soluta officiis veniam nobis corrupti tenetur dolorem reprehenderit sunt vitae iure suscipit adipisci explicabo qui facere! Ea dolore quas maxime facere tenetur illum quibusdam sapiente dolorem nesciunt laudantium necessitatibus accusamus ab libero.</p><p>Lorem ipsum dolor sit amet, consectetur adipisicing elit. Temporibus reprehenderit ad atque cum est. Commodi consequatur soluta officiis veniam nobis corrupti tenetur dolorem reprehenderit sunt vitae iure suscipit adipisci explicabo qui facere! Ea dolore quas maxime facere tenetur illum quibusdam sapiente dolorem nesciunt laudantium necessitatibus accusamus ab libero.</p>',2,2,'2016-08-28 21:00:00','2016-08-29 13:17:49','2016-08-29 13:17:49'),(30,' !!!!!!!!!!','','  ',1,1,'2016-08-30 21:00:00','2016-08-31 07:01:22','2016-08-31 10:42:02'),(31,'dfasdfasd','asfasfasfd','asdfasdfasdfasd',1,1,'2016-08-30 21:00:00','2016-08-31 09:33:20','2016-08-31 09:33:20'),(32,'sadfasdf','asdfasdfasdf','asdfasdfasdf',1,1,'2016-08-30 21:00:00','2016-08-31 09:34:29','2016-08-31 09:34:29'),(33,'asdfasdf','sadfasdfasdf','asdfasdfasdfas',1,1,'2016-08-30 21:00:00','2016-08-31 09:35:01','2016-08-31 09:35:01'),(34,'asdfasdf','asdfasfdasdf','asdfasdfadfs',1,1,'2016-08-30 21:00:00','2016-08-31 09:40:44','2016-08-31 09:40:44');
/*!40000 ALTER TABLE `articles` ENABLE KEYS */;
UNLOCK TABLES;

--
-- Table structure for table `blogs`
--

DROP TABLE IF EXISTS `blogs`;
/*!40101 SET @saved_cs_client     = @@character_set_client */;
/*!40101 SET character_set_client = utf8 */;
CREATE TABLE `blogs` (
  `id` int(10) unsigned NOT NULL AUTO_INCREMENT,
  `name` varchar(255) COLLATE utf8_unicode_ci NOT NULL,
  `description` varchar(255) COLLATE utf8_unicode_ci NOT NULL,
  `user_id` int(10) unsigned NOT NULL,
  `created_at` timestamp NULL DEFAULT NULL,
  `updated_at` timestamp NULL DEFAULT NULL,
  PRIMARY KEY (`id`)
) ENGINE=InnoDB AUTO_INCREMENT=3 DEFAULT CHARSET=utf8 COLLATE=utf8_unicode_ci;
/*!40101 SET character_set_client = @saved_cs_client */;

--
-- Dumping data for table `blogs`
--

LOCK TABLES `blogs` WRITE;
/*!40000 ALTER TABLE `blogs` DISABLE KEYS */;
INSERT INTO `blogs` VALUES (1,'My blog','Blog desctription',1,'2016-08-26 11:12:37','2016-08-26 11:12:37'),(2,'Polikarpov blog','Polikarpov blog',2,'2016-08-26 12:04:56','2016-08-26 12:04:56');
/*!40000 ALTER TABLE `blogs` ENABLE KEYS */;
UNLOCK TABLES;

--
-- Table structure for table `migrations`
--

DROP TABLE IF EXISTS `migrations`;
/*!40101 SET @saved_cs_client     = @@character_set_client */;
/*!40101 SET character_set_client = utf8 */;
CREATE TABLE `migrations` (
  `migration` varchar(255) COLLATE utf8_unicode_ci NOT NULL,
  `batch` int(11) NOT NULL
) ENGINE=InnoDB DEFAULT CHARSET=utf8 COLLATE=utf8_unicode_ci;
/*!40101 SET character_set_client = @saved_cs_client */;

--
-- Dumping data for table `migrations`
--

LOCK TABLES `migrations` WRITE;
/*!40000 ALTER TABLE `migrations` DISABLE KEYS */;
INSERT INTO `migrations` VALUES ('2014_10_12_000000_create_users_table',1),('2014_10_12_100000_create_password_resets_table',1),('2016_08_26_110327_create_blogs_table',1),('2016_08_26_111434_add_blog_id_field_to_users_table',1),('2016_08_29_063236_create_articles_table',2);
/*!40000 ALTER TABLE `migrations` ENABLE KEYS */;
UNLOCK TABLES;

--
-- Table structure for table `password_resets`
--

DROP TABLE IF EXISTS `password_resets`;
/*!40101 SET @saved_cs_client     = @@character_set_client */;
/*!40101 SET character_set_client = utf8 */;
CREATE TABLE `password_resets` (
  `email` varchar(255) COLLATE utf8_unicode_ci NOT NULL,
  `token` varchar(255) COLLATE utf8_unicode_ci NOT NULL,
  `created_at` timestamp NULL DEFAULT NULL,
  KEY `password_resets_email_index` (`email`),
  KEY `password_resets_token_index` (`token`)
) ENGINE=InnoDB DEFAULT CHARSET=utf8 COLLATE=utf8_unicode_ci;
/*!40101 SET character_set_client = @saved_cs_client */;

--
-- Dumping data for table `password_resets`
--

LOCK TABLES `password_resets` WRITE;
/*!40000 ALTER TABLE `password_resets` DISABLE KEYS */;
/*!40000 ALTER TABLE `password_resets` ENABLE KEYS */;
UNLOCK TABLES;

--
-- Table structure for table `users`
--

DROP TABLE IF EXISTS `users`;
/*!40101 SET @saved_cs_client     = @@character_set_client */;
/*!40101 SET character_set_client = utf8 */;
CREATE TABLE `users` (
  `id` int(10) unsigned NOT NULL AUTO_INCREMENT,
  `name` varchar(255) COLLATE utf8_unicode_ci NOT NULL,
  `email` varchar(255) COLLATE utf8_unicode_ci NOT NULL,
  `password` varchar(255) COLLATE utf8_unicode_ci NOT NULL,
  `blog_id` int(10) unsigned NOT NULL,
  `remember_token` varchar(100) COLLATE utf8_unicode_ci DEFAULT NULL,
  `created_at` timestamp NULL DEFAULT NULL,
  `updated_at` timestamp NULL DEFAULT NULL,
  PRIMARY KEY (`id`),
  UNIQUE KEY `users_email_unique` (`email`)
) ENGINE=InnoDB AUTO_INCREMENT=3 DEFAULT CHARSET=utf8 COLLATE=utf8_unicode_ci;
/*!40101 SET character_set_client = @saved_cs_client */;

--
-- Dumping data for table `users`
--

LOCK TABLES `users` WRITE;
/*!40000 ALTER TABLE `users` DISABLE KEYS */;
INSERT INTO `users` VALUES (1,'Artem','polikarpov_aj@groupbwt.com','$2y$10$y0JHJKy1NJpgE8zFkr7nbOCQTZvk9eDOX7ys7tjF/239YV8waEAF2',1,'PDBFWUfCaZmn7Ol2KoEyCng5yEzPUyHoIScaKLG7CVD9JJ3T3JrpTv3nRw8j','2016-08-26 09:49:55','2016-08-31 12:12:43'),(2,'Polikarpov','polik.palam@gmail.com','$2y$10$ulBjlI2MhEEMeWfLced2t.yD4iq2Tt7vdKlkIlGWq./Ow1hLCG.TC',2,'xzri4KDbiCQWMoyao7KWRgfHH8Y5SjTZ9P5jKhpV4vct4TXdTniaPDvD9T3S','2016-08-26 12:04:30','2016-08-29 13:25:07');
/*!40000 ALTER TABLE `users` ENABLE KEYS */;
UNLOCK TABLES;
/*!40103 SET TIME_ZONE=@OLD_TIME_ZONE */;

/*!40101 SET SQL_MODE=@OLD_SQL_MODE */;
/*!40014 SET FOREIGN_KEY_CHECKS=@OLD_FOREIGN_KEY_CHECKS */;
/*!40014 SET UNIQUE_CHECKS=@OLD_UNIQUE_CHECKS */;
/*!40101 SET CHARACTER_SET_CLIENT=@OLD_CHARACTER_SET_CLIENT */;
/*!40101 SET CHARACTER_SET_RESULTS=@OLD_CHARACTER_SET_RESULTS */;
/*!40101 SET COLLATION_CONNECTION=@OLD_COLLATION_CONNECTION */;
/*!40111 SET SQL_NOTES=@OLD_SQL_NOTES */;

-- Dump completed on 2016-08-31 15:42:55
