-- MySQL dump 10.13  Distrib 5.7.9, for Win64 (x86_64)
--
-- Host: 127.0.0.1    Database: blog
-- ------------------------------------------------------
-- Server version	5.5.5-10.1.13-MariaDB

/*!40101 SET @OLD_CHARACTER_SET_CLIENT=@@CHARACTER_SET_CLIENT */;
/*!40101 SET @OLD_CHARACTER_SET_RESULTS=@@CHARACTER_SET_RESULTS */;
/*!40101 SET @OLD_COLLATION_CONNECTION=@@COLLATION_CONNECTION */;
/*!40101 SET NAMES utf8 */;
/*!40103 SET @OLD_TIME_ZONE=@@TIME_ZONE */;
/*!40103 SET TIME_ZONE='+00:00' */;
/*!40014 SET @OLD_UNIQUE_CHECKS=@@UNIQUE_CHECKS, UNIQUE_CHECKS=0 */;
/*!40014 SET @OLD_FOREIGN_KEY_CHECKS=@@FOREIGN_KEY_CHECKS, FOREIGN_KEY_CHECKS=0 */;
/*!40101 SET @OLD_SQL_MODE=@@SQL_MODE, SQL_MODE='NO_AUTO_VALUE_ON_ZERO' */;
/*!40111 SET @OLD_SQL_NOTES=@@SQL_NOTES, SQL_NOTES=0 */;

--
-- Table structure for table `article_tag`
--

DROP TABLE IF EXISTS `article_tag`;
/*!40101 SET @saved_cs_client     = @@character_set_client */;
/*!40101 SET character_set_client = utf8 */;
CREATE TABLE `article_tag` (
  `article_id` int(10) unsigned NOT NULL,
  `tag_id` int(10) unsigned NOT NULL,
  `created_at` timestamp NULL DEFAULT NULL,
  `updated_at` timestamp NULL DEFAULT NULL,
  KEY `article_tag_article_id_foreign` (`article_id`),
  KEY `article_tag_tag_id_foreign` (`tag_id`),
  CONSTRAINT `article_tag_article_id_foreign` FOREIGN KEY (`article_id`) REFERENCES `articles` (`id`) ON DELETE CASCADE ON UPDATE CASCADE,
  CONSTRAINT `article_tag_tag_id_foreign` FOREIGN KEY (`tag_id`) REFERENCES `tags` (`id`) ON DELETE CASCADE ON UPDATE CASCADE
) ENGINE=InnoDB DEFAULT CHARSET=utf8 COLLATE=utf8_unicode_ci;
/*!40101 SET character_set_client = @saved_cs_client */;

--
-- Dumping data for table `article_tag`
--

LOCK TABLES `article_tag` WRITE;
/*!40000 ALTER TABLE `article_tag` DISABLE KEYS */;
INSERT INTO `article_tag` VALUES (4,1,NULL,NULL),(48,1,NULL,NULL),(48,3,NULL,NULL),(49,1,NULL,NULL),(49,2,NULL,NULL),(50,1,NULL,NULL),(50,2,NULL,NULL),(50,3,NULL,NULL);
/*!40000 ALTER TABLE `article_tag` ENABLE KEYS */;
UNLOCK TABLES;

--
-- Table structure for table `articles`
--

DROP TABLE IF EXISTS `articles`;
/*!40101 SET @saved_cs_client     = @@character_set_client */;
/*!40101 SET character_set_client = utf8 */;
CREATE TABLE `articles` (
  `id` int(10) unsigned NOT NULL AUTO_INCREMENT,
  `title` varchar(255) COLLATE utf8_unicode_ci NOT NULL,
  `excerpt` text COLLATE utf8_unicode_ci NOT NULL,
  `body` text COLLATE utf8_unicode_ci NOT NULL,
  `user_id` int(10) unsigned NOT NULL,
  `blog_id` int(10) unsigned NOT NULL,
  `published_at` timestamp NULL DEFAULT NULL,
  `created_at` timestamp NULL DEFAULT NULL,
  `updated_at` timestamp NULL DEFAULT NULL,
  PRIMARY KEY (`id`),
  KEY `articles_user_id_foreign` (`user_id`),
  KEY `articles_blog_id_foreign` (`blog_id`),
  CONSTRAINT `articles_blog_id_foreign` FOREIGN KEY (`blog_id`) REFERENCES `blogs` (`id`) ON DELETE CASCADE ON UPDATE CASCADE,
  CONSTRAINT `articles_user_id_foreign` FOREIGN KEY (`user_id`) REFERENCES `users` (`id`) ON DELETE CASCADE ON UPDATE CASCADE
) ENGINE=InnoDB AUTO_INCREMENT=51 DEFAULT CHARSET=utf8 COLLATE=utf8_unicode_ci;
/*!40101 SET character_set_client = @saved_cs_client */;

--
-- Dumping data for table `articles`
--

LOCK TABLES `articles` WRITE;
/*!40000 ALTER TABLE `articles` DISABLE KEYS */;
INSERT INTO `articles` VALUES (2,'Article for user Artem','<p>Lorem ipsum dolor sit amet, consectetur adipisicing elit. Temporibus reprehenderit ad atque cum est. Commodi consequatur soluta officiis veniam nobis corrupti tenetur dolorem reprehenderit sunt vitae iure suscipit adipisci explicabo qui facere! Ea dolore quas maxime facere tenetur illum quibusdam sapiente dolorem nesciunt laudantium necessitatibus accusamus ab libero.</p>','Text for article five<p>Lorem ipsum dolor sit amet, consectetur adipisicing elit. Temporibus reprehenderit ad atque cum est. Commodi consequatur soluta officiis veniam nobis corrupti tenetur dolorem reprehenderit sunt vitae iure suscipit adipisci explicabo qui facere! Ea dolore quas maxime facere tenetur illum quibusdam sapiente dolorem nesciunt laudantium necessitatibus accusamus ab libero.</p><p>Lorem ipsum dolor sit amet, consectetur adipisicing elit. Temporibus reprehenderit ad atque cum est. Commodi consequatur soluta officiis veniam nobis corrupti tenetur dolorem reprehenderit sunt vitae iure suscipit adipisci explicabo qui facere! Ea dolore quas maxime facere tenetur illum quibusdam sapiente dolorem nesciunt laudantium necessitatibus accusamus ab libero.</p><p>Lorem ipsum dolor sit amet, consectetur adipisicing elit. Temporibus reprehenderit ad atque cum est. Commodi consequatur soluta officiis veniam nobis corrupti tenetur dolorem reprehenderit sunt vitae iure suscipit adipisci explicabo qui facere! Ea dolore quas maxime facere tenetur illum quibusdam sapiente dolorem nesciunt laudantium necessitatibus accusamus ab libero.</p><p>Lorem ipsum dolor sit amet, consectetur adipisicing elit. Temporibus reprehenderit ad atque cum est. Commodi consequatur soluta officiis veniam nobis corrupti tenetur dolorem reprehenderit sunt vitae iure suscipit adipisci explicabo qui facere! Ea dolore quas maxime facere tenetur illum quibusdam sapiente dolorem nesciunt laudantium necessitatibus accusamus ab libero.</p><p>Lorem ipsum dolor sit amet, consectetur adipisicing elit. Temporibus reprehenderit ad atque cum est. Commodi consequatur soluta officiis veniam nobis corrupti tenetur dolorem reprehenderit sunt vitae iure suscipit adipisci explicabo qui facere! Ea dolore quas maxime facere tenetur illum quibusdam sapiente dolorem nesciunt laudantium necessitatibus accusamus ab libero.</p><p>Lorem ipsum dolor sit amet, consectetur adipisicing elit. Temporibus reprehenderit ad atque cum est. Commodi consequatur soluta officiis veniam nobis corrupti tenetur dolorem reprehenderit sunt vitae iure suscipit adipisci explicabo qui facere! Ea dolore quas maxime facere tenetur illum quibusdam sapiente dolorem nesciunt laudantium necessitatibus accusamus ab libero.</p><p>Lorem ipsum dolor sit amet, consectetur adipisicing elit. Temporibus reprehenderit ad atque cum est. Commodi consequatur soluta officiis veniam nobis corrupti tenetur dolorem reprehenderit sunt vitae iure suscipit adipisci explicabo qui facere! Ea dolore quas maxime facere tenetur illum quibusdam sapiente dolorem nesciunt laudantium necessitatibus accusamus ab libero.</p><p>Lorem ipsum dolor sit amet, consectetur adipisicing elit. Temporibus reprehenderit ad atque cum est. Commodi consequatur soluta officiis veniam nobis corrupti tenetur dolorem reprehenderit sunt vitae iure suscipit adipisci explicabo qui facere! Ea dolore quas maxime facere tenetur illum quibusdam sapiente dolorem nesciunt laudantium necessitatibus accusamus ab libero.</p>',1,1,'2016-08-29 09:17:40','2016-08-29 06:17:40','2016-08-29 06:17:40'),(4,'Article two for user Artem','<p>Lorem ipsum dolor sit amet, consectetur adipisicing elit. Temporibus reprehenderit ad atque cum est. Commodi consequatur soluta officiis veniam nobis corrupti tenetur dolorem reprehenderit sunt vitae iure suscipit adipisci explicabo qui facere! Ea dolore quas maxime facere tenetur illum quibusdam sapiente dolorem nesciunt laudantium necessitatibus accusamus ab libero.</p>','Text for article five<p>Lorem ipsum dolor sit amet, consectetur adipisicing elit. Temporibus reprehenderit ad atque cum est. Commodi consequatur soluta officiis veniam nobis corrupti tenetur dolorem reprehenderit sunt vitae iure suscipit adipisci explicabo qui facere! Ea dolore quas maxime facere tenetur illum quibusdam sapiente dolorem nesciunt laudantium necessitatibus accusamus ab libero.</p><p>Lorem ipsum dolor sit amet, consectetur adipisicing elit. Temporibus reprehenderit ad atque cum est. Commodi consequatur soluta officiis veniam nobis corrupti tenetur dolorem reprehenderit sunt vitae iure suscipit adipisci explicabo qui facere! Ea dolore quas maxime facere tenetur illum quibusdam sapiente dolorem nesciunt laudantium necessitatibus accusamus ab libero.</p><p>Lorem ipsum dolor sit amet, consectetur adipisicing elit. Temporibus reprehenderit ad atque cum est. Commodi consequatur soluta officiis veniam nobis corrupti tenetur dolorem reprehenderit sunt vitae iure suscipit adipisci explicabo qui facere! Ea dolore quas maxime facere tenetur illum quibusdam sapiente dolorem nesciunt laudantium necessitatibus accusamus ab libero.</p><p>Lorem ipsum dolor sit amet, consectetur adipisicing elit. Temporibus reprehenderit ad atque cum est. Commodi consequatur soluta officiis veniam nobis corrupti tenetur dolorem reprehenderit sunt vitae iure suscipit adipisci explicabo qui facere! Ea dolore quas maxime facere tenetur illum quibusdam sapiente dolorem nesciunt laudantium necessitatibus accusamus ab libero.</p><p>Lorem ipsum dolor sit amet, consectetur adipisicing elit. Temporibus reprehenderit ad atque cum est. Commodi consequatur soluta officiis veniam nobis corrupti tenetur dolorem reprehenderit sunt vitae iure suscipit adipisci explicabo qui facere! Ea dolore quas maxime facere tenetur illum quibusdam sapiente dolorem nesciunt laudantium necessitatibus accusamus ab libero.</p><p>Lorem ipsum dolor sit amet, consectetur adipisicing elit. Temporibus reprehenderit ad atque cum est. Commodi consequatur soluta officiis veniam nobis corrupti tenetur dolorem reprehenderit sunt vitae iure suscipit adipisci explicabo qui facere! Ea dolore quas maxime facere tenetur illum quibusdam sapiente dolorem nesciunt laudantium necessitatibus accusamus ab libero.</p><p>Lorem ipsum dolor sit amet, consectetur adipisicing elit. Temporibus reprehenderit ad atque cum est. Commodi consequatur soluta officiis veniam nobis corrupti tenetur dolorem reprehenderit sunt vitae iure suscipit adipisci explicabo qui facere! Ea dolore quas maxime facere tenetur illum quibusdam sapiente dolorem nesciunt laudantium necessitatibus accusamus ab libero.</p><p>Lorem ipsum dolor sit amet, consectetur adipisicing elit. Temporibus reprehenderit ad atque cum est. Commodi consequatur soluta officiis veniam nobis corrupti tenetur dolorem reprehenderit sunt vitae iure suscipit adipisci explicabo qui facere! Ea dolore quas maxime facere tenetur illum quibusdam sapiente dolorem nesciunt laudantium necessitatibus accusamus ab libero.</p>',1,1,'2016-08-29 09:29:17','2016-08-29 06:29:17','2016-08-29 06:29:17'),(5,'Article three for user Artem','<p>Lorem ipsum dolor sit amet, consectetur adipisicing elit. Temporibus reprehenderit ad atque cum est. Commodi consequatur soluta officiis veniam nobis corrupti tenetur dolorem reprehenderit sunt vitae iure suscipit adipisci explicabo qui facere! Ea dolore quas maxime facere tenetur illum quibusdam sapiente dolorem nesciunt laudantium necessitatibus accusamus ab libero.</p>','Text for article five<p>Lorem ipsum dolor sit amet, consectetur adipisicing elit. Temporibus reprehenderit ad atque cum est. Commodi consequatur soluta officiis veniam nobis corrupti tenetur dolorem reprehenderit sunt vitae iure suscipit adipisci explicabo qui facere! Ea dolore quas maxime facere tenetur illum quibusdam sapiente dolorem nesciunt laudantium necessitatibus accusamus ab libero.</p><p>Lorem ipsum dolor sit amet, consectetur adipisicing elit. Temporibus reprehenderit ad atque cum est. Commodi consequatur soluta officiis veniam nobis corrupti tenetur dolorem reprehenderit sunt vitae iure suscipit adipisci explicabo qui facere! Ea dolore quas maxime facere tenetur illum quibusdam sapiente dolorem nesciunt laudantium necessitatibus accusamus ab libero.</p><p>Lorem ipsum dolor sit amet, consectetur adipisicing elit. Temporibus reprehenderit ad atque cum est. Commodi consequatur soluta officiis veniam nobis corrupti tenetur dolorem reprehenderit sunt vitae iure suscipit adipisci explicabo qui facere! Ea dolore quas maxime facere tenetur illum quibusdam sapiente dolorem nesciunt laudantium necessitatibus accusamus ab libero.</p><p>Lorem ipsum dolor sit amet, consectetur adipisicing elit. Temporibus reprehenderit ad atque cum est. Commodi consequatur soluta officiis veniam nobis corrupti tenetur dolorem reprehenderit sunt vitae iure suscipit adipisci explicabo qui facere! Ea dolore quas maxime facere tenetur illum quibusdam sapiente dolorem nesciunt laudantium necessitatibus accusamus ab libero.</p><p>Lorem ipsum dolor sit amet, consectetur adipisicing elit. Temporibus reprehenderit ad atque cum est. Commodi consequatur soluta officiis veniam nobis corrupti tenetur dolorem reprehenderit sunt vitae iure suscipit adipisci explicabo qui facere! Ea dolore quas maxime facere tenetur illum quibusdam sapiente dolorem nesciunt laudantium necessitatibus accusamus ab libero.</p><p>Lorem ipsum dolor sit amet, consectetur adipisicing elit. Temporibus reprehenderit ad atque cum est. Commodi consequatur soluta officiis veniam nobis corrupti tenetur dolorem reprehenderit sunt vitae iure suscipit adipisci explicabo qui facere! Ea dolore quas maxime facere tenetur illum quibusdam sapiente dolorem nesciunt laudantium necessitatibus accusamus ab libero.</p><p>Lorem ipsum dolor sit amet, consectetur adipisicing elit. Temporibus reprehenderit ad atque cum est. Commodi consequatur soluta officiis veniam nobis corrupti tenetur dolorem reprehenderit sunt vitae iure suscipit adipisci explicabo qui facere! Ea dolore quas maxime facere tenetur illum quibusdam sapiente dolorem nesciunt laudantium necessitatibus accusamus ab libero.</p><p>Lorem ipsum dolor sit amet, consectetur adipisicing elit. Temporibus reprehenderit ad atque cum est. Commodi consequatur soluta officiis veniam nobis corrupti tenetur dolorem reprehenderit sunt vitae iure suscipit adipisci explicabo qui facere! Ea dolore quas maxime facere tenetur illum quibusdam sapiente dolorem nesciunt laudantium necessitatibus accusamus ab libero.</p>',1,1,'2016-08-29 09:30:20','2016-08-29 06:30:20','2016-08-29 06:30:20'),(6,'Article four','<p>Lorem ipsum dolor sit amet, consectetur adipisicing elit. Temporibus reprehenderit ad atque cum est. Commodi consequatur soluta officiis veniam nobis corrupti tenetur dolorem reprehenderit sunt vitae iure suscipit adipisci explicabo qui facere! Ea dolore quas maxime facere tenetur illum quibusdam sapiente dolorem nesciunt laudantium necessitatibus accusamus ab libero.</p>','Text for article five<p>Lorem ipsum dolor sit amet, consectetur adipisicing elit. Temporibus reprehenderit ad atque cum est. Commodi consequatur soluta officiis veniam nobis corrupti tenetur dolorem reprehenderit sunt vitae iure suscipit adipisci explicabo qui facere! Ea dolore quas maxime facere tenetur illum quibusdam sapiente dolorem nesciunt laudantium necessitatibus accusamus ab libero.</p><p>Lorem ipsum dolor sit amet, consectetur adipisicing elit. Temporibus reprehenderit ad atque cum est. Commodi consequatur soluta officiis veniam nobis corrupti tenetur dolorem reprehenderit sunt vitae iure suscipit adipisci explicabo qui facere! Ea dolore quas maxime facere tenetur illum quibusdam sapiente dolorem nesciunt laudantium necessitatibus accusamus ab libero.</p><p>Lorem ipsum dolor sit amet, consectetur adipisicing elit. Temporibus reprehenderit ad atque cum est. Commodi consequatur soluta officiis veniam nobis corrupti tenetur dolorem reprehenderit sunt vitae iure suscipit adipisci explicabo qui facere! Ea dolore quas maxime facere tenetur illum quibusdam sapiente dolorem nesciunt laudantium necessitatibus accusamus ab libero.</p><p>Lorem ipsum dolor sit amet, consectetur adipisicing elit. Temporibus reprehenderit ad atque cum est. Commodi consequatur soluta officiis veniam nobis corrupti tenetur dolorem reprehenderit sunt vitae iure suscipit adipisci explicabo qui facere! Ea dolore quas maxime facere tenetur illum quibusdam sapiente dolorem nesciunt laudantium necessitatibus accusamus ab libero.</p><p>Lorem ipsum dolor sit amet, consectetur adipisicing elit. Temporibus reprehenderit ad atque cum est. Commodi consequatur soluta officiis veniam nobis corrupti tenetur dolorem reprehenderit sunt vitae iure suscipit adipisci explicabo qui facere! Ea dolore quas maxime facere tenetur illum quibusdam sapiente dolorem nesciunt laudantium necessitatibus accusamus ab libero.</p><p>Lorem ipsum dolor sit amet, consectetur adipisicing elit. Temporibus reprehenderit ad atque cum est. Commodi consequatur soluta officiis veniam nobis corrupti tenetur dolorem reprehenderit sunt vitae iure suscipit adipisci explicabo qui facere! Ea dolore quas maxime facere tenetur illum quibusdam sapiente dolorem nesciunt laudantium necessitatibus accusamus ab libero.</p><p>Lorem ipsum dolor sit amet, consectetur adipisicing elit. Temporibus reprehenderit ad atque cum est. Commodi consequatur soluta officiis veniam nobis corrupti tenetur dolorem reprehenderit sunt vitae iure suscipit adipisci explicabo qui facere! Ea dolore quas maxime facere tenetur illum quibusdam sapiente dolorem nesciunt laudantium necessitatibus accusamus ab libero.</p><p>Lorem ipsum dolor sit amet, consectetur adipisicing elit. Temporibus reprehenderit ad atque cum est. Commodi consequatur soluta officiis veniam nobis corrupti tenetur dolorem reprehenderit sunt vitae iure suscipit adipisci explicabo qui facere! Ea dolore quas maxime facere tenetur illum quibusdam sapiente dolorem nesciunt laudantium necessitatibus accusamus ab libero.</p>',1,1,'2016-08-29 09:53:34','2016-08-29 06:53:34','2016-08-29 06:53:34'),(7,'Article five','<p>Lorem ipsum dolor sit amet, consectetur adipisicing elit. Temporibus reprehenderit ad atque cum est. Commodi consequatur soluta officiis veniam nobis corrupti tenetur dolorem reprehenderit sunt vitae iure suscipit adipisci explicabo qui facere! Ea dolore quas maxime facere tenetur illum quibusdam sapiente dolorem nesciunt laudantium necessitatibus accusamus ab libero.</p>','Text for article five<p>Lorem ipsum dolor sit amet, consectetur adipisicing elit. Temporibus reprehenderit ad atque cum est. Commodi consequatur soluta officiis veniam nobis corrupti tenetur dolorem reprehenderit sunt vitae iure suscipit adipisci explicabo qui facere! Ea dolore quas maxime facere tenetur illum quibusdam sapiente dolorem nesciunt laudantium necessitatibus accusamus ab libero.</p><p>Lorem ipsum dolor sit amet, consectetur adipisicing elit. Temporibus reprehenderit ad atque cum est. Commodi consequatur soluta officiis veniam nobis corrupti tenetur dolorem reprehenderit sunt vitae iure suscipit adipisci explicabo qui facere! Ea dolore quas maxime facere tenetur illum quibusdam sapiente dolorem nesciunt laudantium necessitatibus accusamus ab libero.</p><p>Lorem ipsum dolor sit amet, consectetur adipisicing elit. Temporibus reprehenderit ad atque cum est. Commodi consequatur soluta officiis veniam nobis corrupti tenetur dolorem reprehenderit sunt vitae iure suscipit adipisci explicabo qui facere! Ea dolore quas maxime facere tenetur illum quibusdam sapiente dolorem nesciunt laudantium necessitatibus accusamus ab libero.</p><p>Lorem ipsum dolor sit amet, consectetur adipisicing elit. Temporibus reprehenderit ad atque cum est. Commodi consequatur soluta officiis veniam nobis corrupti tenetur dolorem reprehenderit sunt vitae iure suscipit adipisci explicabo qui facere! Ea dolore quas maxime facere tenetur illum quibusdam sapiente dolorem nesciunt laudantium necessitatibus accusamus ab libero.</p><p>Lorem ipsum dolor sit amet, consectetur adipisicing elit. Temporibus reprehenderit ad atque cum est. Commodi consequatur soluta officiis veniam nobis corrupti tenetur dolorem reprehenderit sunt vitae iure suscipit adipisci explicabo qui facere! Ea dolore quas maxime facere tenetur illum quibusdam sapiente dolorem nesciunt laudantium necessitatibus accusamus ab libero.</p><p>Lorem ipsum dolor sit amet, consectetur adipisicing elit. Temporibus reprehenderit ad atque cum est. Commodi consequatur soluta officiis veniam nobis corrupti tenetur dolorem reprehenderit sunt vitae iure suscipit adipisci explicabo qui facere! Ea dolore quas maxime facere tenetur illum quibusdam sapiente dolorem nesciunt laudantium necessitatibus accusamus ab libero.</p><p>Lorem ipsum dolor sit amet, consectetur adipisicing elit. Temporibus reprehenderit ad atque cum est. Commodi consequatur soluta officiis veniam nobis corrupti tenetur dolorem reprehenderit sunt vitae iure suscipit adipisci explicabo qui facere! Ea dolore quas maxime facere tenetur illum quibusdam sapiente dolorem nesciunt laudantium necessitatibus accusamus ab libero.</p><p>Lorem ipsum dolor sit amet, consectetur adipisicing elit. Temporibus reprehenderit ad atque cum est. Commodi consequatur soluta officiis veniam nobis corrupti tenetur dolorem reprehenderit sunt vitae iure suscipit adipisci explicabo qui facere! Ea dolore quas maxime facere tenetur illum quibusdam sapiente dolorem nesciunt laudantium necessitatibus accusamus ab libero.</p>',1,1,'2016-08-29 09:54:32','2016-08-29 06:54:32','2016-08-29 06:54:32'),(8,'Article six','<p>Lorem ipsum dolor sit amet, consectetur adipisicing elit. Temporibus reprehenderit ad atque cum est. Commodi consequatur soluta officiis veniam nobis corrupti tenetur dolorem reprehenderit sunt vitae iure suscipit adipisci explicabo qui facere! Ea dolore quas maxime facere tenetur illum quibusdam sapiente dolorem nesciunt laudantium necessitatibus accusamus ab libero.</p>','Text for article five<p>Lorem ipsum dolor sit amet, consectetur adipisicing elit. Temporibus reprehenderit ad atque cum est. Commodi consequatur soluta officiis veniam nobis corrupti tenetur dolorem reprehenderit sunt vitae iure suscipit adipisci explicabo qui facere! Ea dolore quas maxime facere tenetur illum quibusdam sapiente dolorem nesciunt laudantium necessitatibus accusamus ab libero.</p><p>Lorem ipsum dolor sit amet, consectetur adipisicing elit. Temporibus reprehenderit ad atque cum est. Commodi consequatur soluta officiis veniam nobis corrupti tenetur dolorem reprehenderit sunt vitae iure suscipit adipisci explicabo qui facere! Ea dolore quas maxime facere tenetur illum quibusdam sapiente dolorem nesciunt laudantium necessitatibus accusamus ab libero.</p><p>Lorem ipsum dolor sit amet, consectetur adipisicing elit. Temporibus reprehenderit ad atque cum est. Commodi consequatur soluta officiis veniam nobis corrupti tenetur dolorem reprehenderit sunt vitae iure suscipit adipisci explicabo qui facere! Ea dolore quas maxime facere tenetur illum quibusdam sapiente dolorem nesciunt laudantium necessitatibus accusamus ab libero.</p><p>Lorem ipsum dolor sit amet, consectetur adipisicing elit. Temporibus reprehenderit ad atque cum est. Commodi consequatur soluta officiis veniam nobis corrupti tenetur dolorem reprehenderit sunt vitae iure suscipit adipisci explicabo qui facere! Ea dolore quas maxime facere tenetur illum quibusdam sapiente dolorem nesciunt laudantium necessitatibus accusamus ab libero.</p><p>Lorem ipsum dolor sit amet, consectetur adipisicing elit. Temporibus reprehenderit ad atque cum est. Commodi consequatur soluta officiis veniam nobis corrupti tenetur dolorem reprehenderit sunt vitae iure suscipit adipisci explicabo qui facere! Ea dolore quas maxime facere tenetur illum quibusdam sapiente dolorem nesciunt laudantium necessitatibus accusamus ab libero.</p><p>Lorem ipsum dolor sit amet, consectetur adipisicing elit. Temporibus reprehenderit ad atque cum est. Commodi consequatur soluta officiis veniam nobis corrupti tenetur dolorem reprehenderit sunt vitae iure suscipit adipisci explicabo qui facere! Ea dolore quas maxime facere tenetur illum quibusdam sapiente dolorem nesciunt laudantium necessitatibus accusamus ab libero.</p><p>Lorem ipsum dolor sit amet, consectetur adipisicing elit. Temporibus reprehenderit ad atque cum est. Commodi consequatur soluta officiis veniam nobis corrupti tenetur dolorem reprehenderit sunt vitae iure suscipit adipisci explicabo qui facere! Ea dolore quas maxime facere tenetur illum quibusdam sapiente dolorem nesciunt laudantium necessitatibus accusamus ab libero.</p><p>Lorem ipsum dolor sit amet, consectetur adipisicing elit. Temporibus reprehenderit ad atque cum est. Commodi consequatur soluta officiis veniam nobis corrupti tenetur dolorem reprehenderit sunt vitae iure suscipit adipisci explicabo qui facere! Ea dolore quas maxime facere tenetur illum quibusdam sapiente dolorem nesciunt laudantium necessitatibus accusamus ab libero.</p>',1,1,'2016-08-29 08:54:32','2016-08-29 06:55:55','2016-08-29 06:55:55'),(9,'dsafasfdas','<p>Lorem ipsum dolor sit amet, consectetur adipisicing elit. Temporibus reprehenderit ad atque cum est. Commodi consequatur soluta officiis veniam nobis corrupti tenetur dolorem reprehenderit sunt vitae iure suscipit adipisci explicabo qui facere! Ea dolore quas maxime facere tenetur illum quibusdam sapiente dolorem nesciunt laudantium necessitatibus accusamus ab libero.</p>','Text for article five<p>Lorem ipsum dolor sit amet, consectetur adipisicing elit. Temporibus reprehenderit ad atque cum est. Commodi consequatur soluta officiis veniam nobis corrupti tenetur dolorem reprehenderit sunt vitae iure suscipit adipisci explicabo qui facere! Ea dolore quas maxime facere tenetur illum quibusdam sapiente dolorem nesciunt laudantium necessitatibus accusamus ab libero.</p><p>Lorem ipsum dolor sit amet, consectetur adipisicing elit. Temporibus reprehenderit ad atque cum est. Commodi consequatur soluta officiis veniam nobis corrupti tenetur dolorem reprehenderit sunt vitae iure suscipit adipisci explicabo qui facere! Ea dolore quas maxime facere tenetur illum quibusdam sapiente dolorem nesciunt laudantium necessitatibus accusamus ab libero.</p><p>Lorem ipsum dolor sit amet, consectetur adipisicing elit. Temporibus reprehenderit ad atque cum est. Commodi consequatur soluta officiis veniam nobis corrupti tenetur dolorem reprehenderit sunt vitae iure suscipit adipisci explicabo qui facere! Ea dolore quas maxime facere tenetur illum quibusdam sapiente dolorem nesciunt laudantium necessitatibus accusamus ab libero.</p><p>Lorem ipsum dolor sit amet, consectetur adipisicing elit. Temporibus reprehenderit ad atque cum est. Commodi consequatur soluta officiis veniam nobis corrupti tenetur dolorem reprehenderit sunt vitae iure suscipit adipisci explicabo qui facere! Ea dolore quas maxime facere tenetur illum quibusdam sapiente dolorem nesciunt laudantium necessitatibus accusamus ab libero.</p><p>Lorem ipsum dolor sit amet, consectetur adipisicing elit. Temporibus reprehenderit ad atque cum est. Commodi consequatur soluta officiis veniam nobis corrupti tenetur dolorem reprehenderit sunt vitae iure suscipit adipisci explicabo qui facere! Ea dolore quas maxime facere tenetur illum quibusdam sapiente dolorem nesciunt laudantium necessitatibus accusamus ab libero.</p><p>Lorem ipsum dolor sit amet, consectetur adipisicing elit. Temporibus reprehenderit ad atque cum est. Commodi consequatur soluta officiis veniam nobis corrupti tenetur dolorem reprehenderit sunt vitae iure suscipit adipisci explicabo qui facere! Ea dolore quas maxime facere tenetur illum quibusdam sapiente dolorem nesciunt laudantium necessitatibus accusamus ab libero.</p><p>Lorem ipsum dolor sit amet, consectetur adipisicing elit. Temporibus reprehenderit ad atque cum est. Commodi consequatur soluta officiis veniam nobis corrupti tenetur dolorem reprehenderit sunt vitae iure suscipit adipisci explicabo qui facere! Ea dolore quas maxime facere tenetur illum quibusdam sapiente dolorem nesciunt laudantium necessitatibus accusamus ab libero.</p><p>Lorem ipsum dolor sit amet, consectetur adipisicing elit. Temporibus reprehenderit ad atque cum est. Commodi consequatur soluta officiis veniam nobis corrupti tenetur dolorem reprehenderit sunt vitae iure suscipit adipisci explicabo qui facere! Ea dolore quas maxime facere tenetur illum quibusdam sapiente dolorem nesciunt laudantium necessitatibus accusamus ab libero.</p>',1,1,'2016-08-29 07:54:32','2016-08-29 07:12:30','2016-08-29 07:12:30'),(11,'asfasdf','<p>Lorem ipsum dolor sit amet, consectetur adipisicing elit. Temporibus reprehenderit ad atque cum est. Commodi consequatur soluta officiis veniam nobis corrupti tenetur dolorem reprehenderit sunt vitae iure suscipit adipisci explicabo qui facere! Ea dolore quas maxime facere tenetur illum quibusdam sapiente dolorem nesciunt laudantium necessitatibus accusamus ab libero.</p>','Text for article five<p>Lorem ipsum dolor sit amet, consectetur adipisicing elit. Temporibus reprehenderit ad atque cum est. Commodi consequatur soluta officiis veniam nobis corrupti tenetur dolorem reprehenderit sunt vitae iure suscipit adipisci explicabo qui facere! Ea dolore quas maxime facere tenetur illum quibusdam sapiente dolorem nesciunt laudantium necessitatibus accusamus ab libero.</p><p>Lorem ipsum dolor sit amet, consectetur adipisicing elit. Temporibus reprehenderit ad atque cum est. Commodi consequatur soluta officiis veniam nobis corrupti tenetur dolorem reprehenderit sunt vitae iure suscipit adipisci explicabo qui facere! Ea dolore quas maxime facere tenetur illum quibusdam sapiente dolorem nesciunt laudantium necessitatibus accusamus ab libero.</p><p>Lorem ipsum dolor sit amet, consectetur adipisicing elit. Temporibus reprehenderit ad atque cum est. Commodi consequatur soluta officiis veniam nobis corrupti tenetur dolorem reprehenderit sunt vitae iure suscipit adipisci explicabo qui facere! Ea dolore quas maxime facere tenetur illum quibusdam sapiente dolorem nesciunt laudantium necessitatibus accusamus ab libero.</p><p>Lorem ipsum dolor sit amet, consectetur adipisicing elit. Temporibus reprehenderit ad atque cum est. Commodi consequatur soluta officiis veniam nobis corrupti tenetur dolorem reprehenderit sunt vitae iure suscipit adipisci explicabo qui facere! Ea dolore quas maxime facere tenetur illum quibusdam sapiente dolorem nesciunt laudantium necessitatibus accusamus ab libero.</p><p>Lorem ipsum dolor sit amet, consectetur adipisicing elit. Temporibus reprehenderit ad atque cum est. Commodi consequatur soluta officiis veniam nobis corrupti tenetur dolorem reprehenderit sunt vitae iure suscipit adipisci explicabo qui facere! Ea dolore quas maxime facere tenetur illum quibusdam sapiente dolorem nesciunt laudantium necessitatibus accusamus ab libero.</p><p>Lorem ipsum dolor sit amet, consectetur adipisicing elit. Temporibus reprehenderit ad atque cum est. Commodi consequatur soluta officiis veniam nobis corrupti tenetur dolorem reprehenderit sunt vitae iure suscipit adipisci explicabo qui facere! Ea dolore quas maxime facere tenetur illum quibusdam sapiente dolorem nesciunt laudantium necessitatibus accusamus ab libero.</p><p>Lorem ipsum dolor sit amet, consectetur adipisicing elit. Temporibus reprehenderit ad atque cum est. Commodi consequatur soluta officiis veniam nobis corrupti tenetur dolorem reprehenderit sunt vitae iure suscipit adipisci explicabo qui facere! Ea dolore quas maxime facere tenetur illum quibusdam sapiente dolorem nesciunt laudantium necessitatibus accusamus ab libero.</p><p>Lorem ipsum dolor sit amet, consectetur adipisicing elit. Temporibus reprehenderit ad atque cum est. Commodi consequatur soluta officiis veniam nobis corrupti tenetur dolorem reprehenderit sunt vitae iure suscipit adipisci explicabo qui facere! Ea dolore quas maxime facere tenetur illum quibusdam sapiente dolorem nesciunt laudantium necessitatibus accusamus ab libero.</p>',1,1,'2016-08-29 21:00:00','2016-08-29 07:53:31','2016-08-29 07:53:31'),(12,'asdfasdfasd','<p>Lorem ipsum dolor sit amet, consectetur adipisicing elit. Temporibus reprehenderit ad atque cum est. Commodi consequatur soluta officiis veniam nobis corrupti tenetur dolorem reprehenderit sunt vitae iure suscipit adipisci explicabo qui facere! Ea dolore quas maxime facere tenetur illum quibusdam sapiente dolorem nesciunt laudantium necessitatibus accusamus ab libero.</p>','Text for article five<p>Lorem ipsum dolor sit amet, consectetur adipisicing elit. Temporibus reprehenderit ad atque cum est. Commodi consequatur soluta officiis veniam nobis corrupti tenetur dolorem reprehenderit sunt vitae iure suscipit adipisci explicabo qui facere! Ea dolore quas maxime facere tenetur illum quibusdam sapiente dolorem nesciunt laudantium necessitatibus accusamus ab libero.</p><p>Lorem ipsum dolor sit amet, consectetur adipisicing elit. Temporibus reprehenderit ad atque cum est. Commodi consequatur soluta officiis veniam nobis corrupti tenetur dolorem reprehenderit sunt vitae iure suscipit adipisci explicabo qui facere! Ea dolore quas maxime facere tenetur illum quibusdam sapiente dolorem nesciunt laudantium necessitatibus accusamus ab libero.</p><p>Lorem ipsum dolor sit amet, consectetur adipisicing elit. Temporibus reprehenderit ad atque cum est. Commodi consequatur soluta officiis veniam nobis corrupti tenetur dolorem reprehenderit sunt vitae iure suscipit adipisci explicabo qui facere! Ea dolore quas maxime facere tenetur illum quibusdam sapiente dolorem nesciunt laudantium necessitatibus accusamus ab libero.</p><p>Lorem ipsum dolor sit amet, consectetur adipisicing elit. Temporibus reprehenderit ad atque cum est. Commodi consequatur soluta officiis veniam nobis corrupti tenetur dolorem reprehenderit sunt vitae iure suscipit adipisci explicabo qui facere! Ea dolore quas maxime facere tenetur illum quibusdam sapiente dolorem nesciunt laudantium necessitatibus accusamus ab libero.</p><p>Lorem ipsum dolor sit amet, consectetur adipisicing elit. Temporibus reprehenderit ad atque cum est. Commodi consequatur soluta officiis veniam nobis corrupti tenetur dolorem reprehenderit sunt vitae iure suscipit adipisci explicabo qui facere! Ea dolore quas maxime facere tenetur illum quibusdam sapiente dolorem nesciunt laudantium necessitatibus accusamus ab libero.</p><p>Lorem ipsum dolor sit amet, consectetur adipisicing elit. Temporibus reprehenderit ad atque cum est. Commodi consequatur soluta officiis veniam nobis corrupti tenetur dolorem reprehenderit sunt vitae iure suscipit adipisci explicabo qui facere! Ea dolore quas maxime facere tenetur illum quibusdam sapiente dolorem nesciunt laudantium necessitatibus accusamus ab libero.</p><p>Lorem ipsum dolor sit amet, consectetur adipisicing elit. Temporibus reprehenderit ad atque cum est. Commodi consequatur soluta officiis veniam nobis corrupti tenetur dolorem reprehenderit sunt vitae iure suscipit adipisci explicabo qui facere! Ea dolore quas maxime facere tenetur illum quibusdam sapiente dolorem nesciunt laudantium necessitatibus accusamus ab libero.</p><p>Lorem ipsum dolor sit amet, consectetur adipisicing elit. Temporibus reprehenderit ad atque cum est. Commodi consequatur soluta officiis veniam nobis corrupti tenetur dolorem reprehenderit sunt vitae iure suscipit adipisci explicabo qui facere! Ea dolore quas maxime facere tenetur illum quibusdam sapiente dolorem nesciunt laudantium necessitatibus accusamus ab libero.</p>',1,1,'2016-08-28 21:00:00','2016-08-29 08:11:17','2016-08-29 08:11:17'),(13,'asdfasdfsad','<p>Lorem ipsum dolor sit amet, consectetur adipisicing elit. Temporibus reprehenderit ad atque cum est. Commodi consequatur soluta officiis veniam nobis corrupti tenetur dolorem reprehenderit sunt vitae iure suscipit adipisci explicabo qui facere! Ea dolore quas maxime facere tenetur illum quibusdam sapiente dolorem nesciunt laudantium necessitatibus accusamus ab libero.</p>','Text for article five<p>Lorem ipsum dolor sit amet, consectetur adipisicing elit. Temporibus reprehenderit ad atque cum est. Commodi consequatur soluta officiis veniam nobis corrupti tenetur dolorem reprehenderit sunt vitae iure suscipit adipisci explicabo qui facere! Ea dolore quas maxime facere tenetur illum quibusdam sapiente dolorem nesciunt laudantium necessitatibus accusamus ab libero.</p><p>Lorem ipsum dolor sit amet, consectetur adipisicing elit. Temporibus reprehenderit ad atque cum est. Commodi consequatur soluta officiis veniam nobis corrupti tenetur dolorem reprehenderit sunt vitae iure suscipit adipisci explicabo qui facere! Ea dolore quas maxime facere tenetur illum quibusdam sapiente dolorem nesciunt laudantium necessitatibus accusamus ab libero.</p><p>Lorem ipsum dolor sit amet, consectetur adipisicing elit. Temporibus reprehenderit ad atque cum est. Commodi consequatur soluta officiis veniam nobis corrupti tenetur dolorem reprehenderit sunt vitae iure suscipit adipisci explicabo qui facere! Ea dolore quas maxime facere tenetur illum quibusdam sapiente dolorem nesciunt laudantium necessitatibus accusamus ab libero.</p><p>Lorem ipsum dolor sit amet, consectetur adipisicing elit. Temporibus reprehenderit ad atque cum est. Commodi consequatur soluta officiis veniam nobis corrupti tenetur dolorem reprehenderit sunt vitae iure suscipit adipisci explicabo qui facere! Ea dolore quas maxime facere tenetur illum quibusdam sapiente dolorem nesciunt laudantium necessitatibus accusamus ab libero.</p><p>Lorem ipsum dolor sit amet, consectetur adipisicing elit. Temporibus reprehenderit ad atque cum est. Commodi consequatur soluta officiis veniam nobis corrupti tenetur dolorem reprehenderit sunt vitae iure suscipit adipisci explicabo qui facere! Ea dolore quas maxime facere tenetur illum quibusdam sapiente dolorem nesciunt laudantium necessitatibus accusamus ab libero.</p><p>Lorem ipsum dolor sit amet, consectetur adipisicing elit. Temporibus reprehenderit ad atque cum est. Commodi consequatur soluta officiis veniam nobis corrupti tenetur dolorem reprehenderit sunt vitae iure suscipit adipisci explicabo qui facere! Ea dolore quas maxime facere tenetur illum quibusdam sapiente dolorem nesciunt laudantium necessitatibus accusamus ab libero.</p><p>Lorem ipsum dolor sit amet, consectetur adipisicing elit. Temporibus reprehenderit ad atque cum est. Commodi consequatur soluta officiis veniam nobis corrupti tenetur dolorem reprehenderit sunt vitae iure suscipit adipisci explicabo qui facere! Ea dolore quas maxime facere tenetur illum quibusdam sapiente dolorem nesciunt laudantium necessitatibus accusamus ab libero.</p><p>Lorem ipsum dolor sit amet, consectetur adipisicing elit. Temporibus reprehenderit ad atque cum est. Commodi consequatur soluta officiis veniam nobis corrupti tenetur dolorem reprehenderit sunt vitae iure suscipit adipisci explicabo qui facere! Ea dolore quas maxime facere tenetur illum quibusdam sapiente dolorem nesciunt laudantium necessitatibus accusamus ab libero.</p>',1,1,'2016-08-28 21:00:00','2016-08-29 11:54:50','2016-08-29 11:54:50'),(14,'asdfasdfasd','<p>Lorem ipsum dolor sit amet, consectetur adipisicing elit. Temporibus reprehenderit ad atque cum est. Commodi consequatur soluta officiis veniam nobis corrupti tenetur dolorem reprehenderit sunt vitae iure suscipit adipisci explicabo qui facere! Ea dolore quas maxime facere tenetur illum quibusdam sapiente dolorem nesciunt laudantium necessitatibus accusamus ab libero.</p>','Text for article five<p>Lorem ipsum dolor sit amet, consectetur adipisicing elit. Temporibus reprehenderit ad atque cum est. Commodi consequatur soluta officiis veniam nobis corrupti tenetur dolorem reprehenderit sunt vitae iure suscipit adipisci explicabo qui facere! Ea dolore quas maxime facere tenetur illum quibusdam sapiente dolorem nesciunt laudantium necessitatibus accusamus ab libero.</p><p>Lorem ipsum dolor sit amet, consectetur adipisicing elit. Temporibus reprehenderit ad atque cum est. Commodi consequatur soluta officiis veniam nobis corrupti tenetur dolorem reprehenderit sunt vitae iure suscipit adipisci explicabo qui facere! Ea dolore quas maxime facere tenetur illum quibusdam sapiente dolorem nesciunt laudantium necessitatibus accusamus ab libero.</p><p>Lorem ipsum dolor sit amet, consectetur adipisicing elit. Temporibus reprehenderit ad atque cum est. Commodi consequatur soluta officiis veniam nobis corrupti tenetur dolorem reprehenderit sunt vitae iure suscipit adipisci explicabo qui facere! Ea dolore quas maxime facere tenetur illum quibusdam sapiente dolorem nesciunt laudantium necessitatibus accusamus ab libero.</p><p>Lorem ipsum dolor sit amet, consectetur adipisicing elit. Temporibus reprehenderit ad atque cum est. Commodi consequatur soluta officiis veniam nobis corrupti tenetur dolorem reprehenderit sunt vitae iure suscipit adipisci explicabo qui facere! Ea dolore quas maxime facere tenetur illum quibusdam sapiente dolorem nesciunt laudantium necessitatibus accusamus ab libero.</p><p>Lorem ipsum dolor sit amet, consectetur adipisicing elit. Temporibus reprehenderit ad atque cum est. Commodi consequatur soluta officiis veniam nobis corrupti tenetur dolorem reprehenderit sunt vitae iure suscipit adipisci explicabo qui facere! Ea dolore quas maxime facere tenetur illum quibusdam sapiente dolorem nesciunt laudantium necessitatibus accusamus ab libero.</p><p>Lorem ipsum dolor sit amet, consectetur adipisicing elit. Temporibus reprehenderit ad atque cum est. Commodi consequatur soluta officiis veniam nobis corrupti tenetur dolorem reprehenderit sunt vitae iure suscipit adipisci explicabo qui facere! Ea dolore quas maxime facere tenetur illum quibusdam sapiente dolorem nesciunt laudantium necessitatibus accusamus ab libero.</p><p>Lorem ipsum dolor sit amet, consectetur adipisicing elit. Temporibus reprehenderit ad atque cum est. Commodi consequatur soluta officiis veniam nobis corrupti tenetur dolorem reprehenderit sunt vitae iure suscipit adipisci explicabo qui facere! Ea dolore quas maxime facere tenetur illum quibusdam sapiente dolorem nesciunt laudantium necessitatibus accusamus ab libero.</p><p>Lorem ipsum dolor sit amet, consectetur adipisicing elit. Temporibus reprehenderit ad atque cum est. Commodi consequatur soluta officiis veniam nobis corrupti tenetur dolorem reprehenderit sunt vitae iure suscipit adipisci explicabo qui facere! Ea dolore quas maxime facere tenetur illum quibusdam sapiente dolorem nesciunt laudantium necessitatibus accusamus ab libero.</p>',1,1,'2016-08-28 21:00:00','2016-08-29 11:57:23','2016-08-29 11:57:23'),(15,'asdfasdf','<p>Lorem ipsum dolor sit amet, consectetur adipisicing elit. Temporibus reprehenderit ad atque cum est. Commodi consequatur soluta officiis veniam nobis corrupti tenetur dolorem reprehenderit sunt vitae iure suscipit adipisci explicabo qui facere! Ea dolore quas maxime facere tenetur illum quibusdam sapiente dolorem nesciunt laudantium necessitatibus accusamus ab libero.</p>','Text for article five<p>Lorem ipsum dolor sit amet, consectetur adipisicing elit. Temporibus reprehenderit ad atque cum est. Commodi consequatur soluta officiis veniam nobis corrupti tenetur dolorem reprehenderit sunt vitae iure suscipit adipisci explicabo qui facere! Ea dolore quas maxime facere tenetur illum quibusdam sapiente dolorem nesciunt laudantium necessitatibus accusamus ab libero.</p><p>Lorem ipsum dolor sit amet, consectetur adipisicing elit. Temporibus reprehenderit ad atque cum est. Commodi consequatur soluta officiis veniam nobis corrupti tenetur dolorem reprehenderit sunt vitae iure suscipit adipisci explicabo qui facere! Ea dolore quas maxime facere tenetur illum quibusdam sapiente dolorem nesciunt laudantium necessitatibus accusamus ab libero.</p><p>Lorem ipsum dolor sit amet, consectetur adipisicing elit. Temporibus reprehenderit ad atque cum est. Commodi consequatur soluta officiis veniam nobis corrupti tenetur dolorem reprehenderit sunt vitae iure suscipit adipisci explicabo qui facere! Ea dolore quas maxime facere tenetur illum quibusdam sapiente dolorem nesciunt laudantium necessitatibus accusamus ab libero.</p><p>Lorem ipsum dolor sit amet, consectetur adipisicing elit. Temporibus reprehenderit ad atque cum est. Commodi consequatur soluta officiis veniam nobis corrupti tenetur dolorem reprehenderit sunt vitae iure suscipit adipisci explicabo qui facere! Ea dolore quas maxime facere tenetur illum quibusdam sapiente dolorem nesciunt laudantium necessitatibus accusamus ab libero.</p><p>Lorem ipsum dolor sit amet, consectetur adipisicing elit. Temporibus reprehenderit ad atque cum est. Commodi consequatur soluta officiis veniam nobis corrupti tenetur dolorem reprehenderit sunt vitae iure suscipit adipisci explicabo qui facere! Ea dolore quas maxime facere tenetur illum quibusdam sapiente dolorem nesciunt laudantium necessitatibus accusamus ab libero.</p><p>Lorem ipsum dolor sit amet, consectetur adipisicing elit. Temporibus reprehenderit ad atque cum est. Commodi consequatur soluta officiis veniam nobis corrupti tenetur dolorem reprehenderit sunt vitae iure suscipit adipisci explicabo qui facere! Ea dolore quas maxime facere tenetur illum quibusdam sapiente dolorem nesciunt laudantium necessitatibus accusamus ab libero.</p><p>Lorem ipsum dolor sit amet, consectetur adipisicing elit. Temporibus reprehenderit ad atque cum est. Commodi consequatur soluta officiis veniam nobis corrupti tenetur dolorem reprehenderit sunt vitae iure suscipit adipisci explicabo qui facere! Ea dolore quas maxime facere tenetur illum quibusdam sapiente dolorem nesciunt laudantium necessitatibus accusamus ab libero.</p><p>Lorem ipsum dolor sit amet, consectetur adipisicing elit. Temporibus reprehenderit ad atque cum est. Commodi consequatur soluta officiis veniam nobis corrupti tenetur dolorem reprehenderit sunt vitae iure suscipit adipisci explicabo qui facere! Ea dolore quas maxime facere tenetur illum quibusdam sapiente dolorem nesciunt laudantium necessitatibus accusamus ab libero.</p>',1,1,'2016-08-28 21:00:00','2016-08-29 11:57:54','2016-08-29 11:57:54'),(16,'safasdf','<p>Lorem ipsum dolor sit amet, consectetur adipisicing elit. Temporibus reprehenderit ad atque cum est. Commodi consequatur soluta officiis veniam nobis corrupti tenetur dolorem reprehenderit sunt vitae iure suscipit adipisci explicabo qui facere! Ea dolore quas maxime facere tenetur illum quibusdam sapiente dolorem nesciunt laudantium necessitatibus accusamus ab libero.</p>','Text for article five<p>Lorem ipsum dolor sit amet, consectetur adipisicing elit. Temporibus reprehenderit ad atque cum est. Commodi consequatur soluta officiis veniam nobis corrupti tenetur dolorem reprehenderit sunt vitae iure suscipit adipisci explicabo qui facere! Ea dolore quas maxime facere tenetur illum quibusdam sapiente dolorem nesciunt laudantium necessitatibus accusamus ab libero.</p><p>Lorem ipsum dolor sit amet, consectetur adipisicing elit. Temporibus reprehenderit ad atque cum est. Commodi consequatur soluta officiis veniam nobis corrupti tenetur dolorem reprehenderit sunt vitae iure suscipit adipisci explicabo qui facere! Ea dolore quas maxime facere tenetur illum quibusdam sapiente dolorem nesciunt laudantium necessitatibus accusamus ab libero.</p><p>Lorem ipsum dolor sit amet, consectetur adipisicing elit. Temporibus reprehenderit ad atque cum est. Commodi consequatur soluta officiis veniam nobis corrupti tenetur dolorem reprehenderit sunt vitae iure suscipit adipisci explicabo qui facere! Ea dolore quas maxime facere tenetur illum quibusdam sapiente dolorem nesciunt laudantium necessitatibus accusamus ab libero.</p><p>Lorem ipsum dolor sit amet, consectetur adipisicing elit. Temporibus reprehenderit ad atque cum est. Commodi consequatur soluta officiis veniam nobis corrupti tenetur dolorem reprehenderit sunt vitae iure suscipit adipisci explicabo qui facere! Ea dolore quas maxime facere tenetur illum quibusdam sapiente dolorem nesciunt laudantium necessitatibus accusamus ab libero.</p><p>Lorem ipsum dolor sit amet, consectetur adipisicing elit. Temporibus reprehenderit ad atque cum est. Commodi consequatur soluta officiis veniam nobis corrupti tenetur dolorem reprehenderit sunt vitae iure suscipit adipisci explicabo qui facere! Ea dolore quas maxime facere tenetur illum quibusdam sapiente dolorem nesciunt laudantium necessitatibus accusamus ab libero.</p><p>Lorem ipsum dolor sit amet, consectetur adipisicing elit. Temporibus reprehenderit ad atque cum est. Commodi consequatur soluta officiis veniam nobis corrupti tenetur dolorem reprehenderit sunt vitae iure suscipit adipisci explicabo qui facere! Ea dolore quas maxime facere tenetur illum quibusdam sapiente dolorem nesciunt laudantium necessitatibus accusamus ab libero.</p><p>Lorem ipsum dolor sit amet, consectetur adipisicing elit. Temporibus reprehenderit ad atque cum est. Commodi consequatur soluta officiis veniam nobis corrupti tenetur dolorem reprehenderit sunt vitae iure suscipit adipisci explicabo qui facere! Ea dolore quas maxime facere tenetur illum quibusdam sapiente dolorem nesciunt laudantium necessitatibus accusamus ab libero.</p><p>Lorem ipsum dolor sit amet, consectetur adipisicing elit. Temporibus reprehenderit ad atque cum est. Commodi consequatur soluta officiis veniam nobis corrupti tenetur dolorem reprehenderit sunt vitae iure suscipit adipisci explicabo qui facere! Ea dolore quas maxime facere tenetur illum quibusdam sapiente dolorem nesciunt laudantium necessitatibus accusamus ab libero.</p>',1,1,'2016-08-28 21:00:00','2016-08-29 11:58:27','2016-08-29 11:58:27'),(17,'asdfasdf','<p>Lorem ipsum dolor sit amet, consectetur adipisicing elit. Temporibus reprehenderit ad atque cum est. Commodi consequatur soluta officiis veniam nobis corrupti tenetur dolorem reprehenderit sunt vitae iure suscipit adipisci explicabo qui facere! Ea dolore quas maxime facere tenetur illum quibusdam sapiente dolorem nesciunt laudantium necessitatibus accusamus ab libero.</p>','Text for article five<p>Lorem ipsum dolor sit amet, consectetur adipisicing elit. Temporibus reprehenderit ad atque cum est. Commodi consequatur soluta officiis veniam nobis corrupti tenetur dolorem reprehenderit sunt vitae iure suscipit adipisci explicabo qui facere! Ea dolore quas maxime facere tenetur illum quibusdam sapiente dolorem nesciunt laudantium necessitatibus accusamus ab libero.</p><p>Lorem ipsum dolor sit amet, consectetur adipisicing elit. Temporibus reprehenderit ad atque cum est. Commodi consequatur soluta officiis veniam nobis corrupti tenetur dolorem reprehenderit sunt vitae iure suscipit adipisci explicabo qui facere! Ea dolore quas maxime facere tenetur illum quibusdam sapiente dolorem nesciunt laudantium necessitatibus accusamus ab libero.</p><p>Lorem ipsum dolor sit amet, consectetur adipisicing elit. Temporibus reprehenderit ad atque cum est. Commodi consequatur soluta officiis veniam nobis corrupti tenetur dolorem reprehenderit sunt vitae iure suscipit adipisci explicabo qui facere! Ea dolore quas maxime facere tenetur illum quibusdam sapiente dolorem nesciunt laudantium necessitatibus accusamus ab libero.</p><p>Lorem ipsum dolor sit amet, consectetur adipisicing elit. Temporibus reprehenderit ad atque cum est. Commodi consequatur soluta officiis veniam nobis corrupti tenetur dolorem reprehenderit sunt vitae iure suscipit adipisci explicabo qui facere! Ea dolore quas maxime facere tenetur illum quibusdam sapiente dolorem nesciunt laudantium necessitatibus accusamus ab libero.</p><p>Lorem ipsum dolor sit amet, consectetur adipisicing elit. Temporibus reprehenderit ad atque cum est. Commodi consequatur soluta officiis veniam nobis corrupti tenetur dolorem reprehenderit sunt vitae iure suscipit adipisci explicabo qui facere! Ea dolore quas maxime facere tenetur illum quibusdam sapiente dolorem nesciunt laudantium necessitatibus accusamus ab libero.</p><p>Lorem ipsum dolor sit amet, consectetur adipisicing elit. Temporibus reprehenderit ad atque cum est. Commodi consequatur soluta officiis veniam nobis corrupti tenetur dolorem reprehenderit sunt vitae iure suscipit adipisci explicabo qui facere! Ea dolore quas maxime facere tenetur illum quibusdam sapiente dolorem nesciunt laudantium necessitatibus accusamus ab libero.</p><p>Lorem ipsum dolor sit amet, consectetur adipisicing elit. Temporibus reprehenderit ad atque cum est. Commodi consequatur soluta officiis veniam nobis corrupti tenetur dolorem reprehenderit sunt vitae iure suscipit adipisci explicabo qui facere! Ea dolore quas maxime facere tenetur illum quibusdam sapiente dolorem nesciunt laudantium necessitatibus accusamus ab libero.</p><p>Lorem ipsum dolor sit amet, consectetur adipisicing elit. Temporibus reprehenderit ad atque cum est. Commodi consequatur soluta officiis veniam nobis corrupti tenetur dolorem reprehenderit sunt vitae iure suscipit adipisci explicabo qui facere! Ea dolore quas maxime facere tenetur illum quibusdam sapiente dolorem nesciunt laudantium necessitatibus accusamus ab libero.</p>',1,1,'2016-08-28 21:00:00','2016-08-29 11:59:31','2016-08-29 11:59:31'),(18,'asdfasd','<p>Lorem ipsum dolor sit amet, consectetur adipisicing elit. Temporibus reprehenderit ad atque cum est. Commodi consequatur soluta officiis veniam nobis corrupti tenetur dolorem reprehenderit sunt vitae iure suscipit adipisci explicabo qui facere! Ea dolore quas maxime facere tenetur illum quibusdam sapiente dolorem nesciunt laudantium necessitatibus accusamus ab libero.</p>','Text for article five<p>Lorem ipsum dolor sit amet, consectetur adipisicing elit. Temporibus reprehenderit ad atque cum est. Commodi consequatur soluta officiis veniam nobis corrupti tenetur dolorem reprehenderit sunt vitae iure suscipit adipisci explicabo qui facere! Ea dolore quas maxime facere tenetur illum quibusdam sapiente dolorem nesciunt laudantium necessitatibus accusamus ab libero.</p><p>Lorem ipsum dolor sit amet, consectetur adipisicing elit. Temporibus reprehenderit ad atque cum est. Commodi consequatur soluta officiis veniam nobis corrupti tenetur dolorem reprehenderit sunt vitae iure suscipit adipisci explicabo qui facere! Ea dolore quas maxime facere tenetur illum quibusdam sapiente dolorem nesciunt laudantium necessitatibus accusamus ab libero.</p><p>Lorem ipsum dolor sit amet, consectetur adipisicing elit. Temporibus reprehenderit ad atque cum est. Commodi consequatur soluta officiis veniam nobis corrupti tenetur dolorem reprehenderit sunt vitae iure suscipit adipisci explicabo qui facere! Ea dolore quas maxime facere tenetur illum quibusdam sapiente dolorem nesciunt laudantium necessitatibus accusamus ab libero.</p><p>Lorem ipsum dolor sit amet, consectetur adipisicing elit. Temporibus reprehenderit ad atque cum est. Commodi consequatur soluta officiis veniam nobis corrupti tenetur dolorem reprehenderit sunt vitae iure suscipit adipisci explicabo qui facere! Ea dolore quas maxime facere tenetur illum quibusdam sapiente dolorem nesciunt laudantium necessitatibus accusamus ab libero.</p><p>Lorem ipsum dolor sit amet, consectetur adipisicing elit. Temporibus reprehenderit ad atque cum est. Commodi consequatur soluta officiis veniam nobis corrupti tenetur dolorem reprehenderit sunt vitae iure suscipit adipisci explicabo qui facere! Ea dolore quas maxime facere tenetur illum quibusdam sapiente dolorem nesciunt laudantium necessitatibus accusamus ab libero.</p><p>Lorem ipsum dolor sit amet, consectetur adipisicing elit. Temporibus reprehenderit ad atque cum est. Commodi consequatur soluta officiis veniam nobis corrupti tenetur dolorem reprehenderit sunt vitae iure suscipit adipisci explicabo qui facere! Ea dolore quas maxime facere tenetur illum quibusdam sapiente dolorem nesciunt laudantium necessitatibus accusamus ab libero.</p><p>Lorem ipsum dolor sit amet, consectetur adipisicing elit. Temporibus reprehenderit ad atque cum est. Commodi consequatur soluta officiis veniam nobis corrupti tenetur dolorem reprehenderit sunt vitae iure suscipit adipisci explicabo qui facere! Ea dolore quas maxime facere tenetur illum quibusdam sapiente dolorem nesciunt laudantium necessitatibus accusamus ab libero.</p><p>Lorem ipsum dolor sit amet, consectetur adipisicing elit. Temporibus reprehenderit ad atque cum est. Commodi consequatur soluta officiis veniam nobis corrupti tenetur dolorem reprehenderit sunt vitae iure suscipit adipisci explicabo qui facere! Ea dolore quas maxime facere tenetur illum quibusdam sapiente dolorem nesciunt laudantium necessitatibus accusamus ab libero.</p>',1,1,'2016-08-28 21:00:00','2016-08-29 12:00:10','2016-08-29 12:00:10'),(19,'Post one','<p>Lorem ipsum dolor sit amet, consectetur adipisicing elit. Temporibus reprehenderit ad atque cum est. Commodi consequatur soluta officiis veniam nobis corrupti tenetur dolorem reprehenderit sunt vitae iure suscipit adipisci explicabo qui facere! Ea dolore quas maxime facere tenetur illum quibusdam sapiente dolorem nesciunt laudantium necessitatibus accusamus ab libero.</p>','Text for article five<p>Lorem ipsum dolor sit amet, consectetur adipisicing elit. Temporibus reprehenderit ad atque cum est. Commodi consequatur soluta officiis veniam nobis corrupti tenetur dolorem reprehenderit sunt vitae iure suscipit adipisci explicabo qui facere! Ea dolore quas maxime facere tenetur illum quibusdam sapiente dolorem nesciunt laudantium necessitatibus accusamus ab libero.</p><p>Lorem ipsum dolor sit amet, consectetur adipisicing elit. Temporibus reprehenderit ad atque cum est. Commodi consequatur soluta officiis veniam nobis corrupti tenetur dolorem reprehenderit sunt vitae iure suscipit adipisci explicabo qui facere! Ea dolore quas maxime facere tenetur illum quibusdam sapiente dolorem nesciunt laudantium necessitatibus accusamus ab libero.</p><p>Lorem ipsum dolor sit amet, consectetur adipisicing elit. Temporibus reprehenderit ad atque cum est. Commodi consequatur soluta officiis veniam nobis corrupti tenetur dolorem reprehenderit sunt vitae iure suscipit adipisci explicabo qui facere! Ea dolore quas maxime facere tenetur illum quibusdam sapiente dolorem nesciunt laudantium necessitatibus accusamus ab libero.</p><p>Lorem ipsum dolor sit amet, consectetur adipisicing elit. Temporibus reprehenderit ad atque cum est. Commodi consequatur soluta officiis veniam nobis corrupti tenetur dolorem reprehenderit sunt vitae iure suscipit adipisci explicabo qui facere! Ea dolore quas maxime facere tenetur illum quibusdam sapiente dolorem nesciunt laudantium necessitatibus accusamus ab libero.</p><p>Lorem ipsum dolor sit amet, consectetur adipisicing elit. Temporibus reprehenderit ad atque cum est. Commodi consequatur soluta officiis veniam nobis corrupti tenetur dolorem reprehenderit sunt vitae iure suscipit adipisci explicabo qui facere! Ea dolore quas maxime facere tenetur illum quibusdam sapiente dolorem nesciunt laudantium necessitatibus accusamus ab libero.</p><p>Lorem ipsum dolor sit amet, consectetur adipisicing elit. Temporibus reprehenderit ad atque cum est. Commodi consequatur soluta officiis veniam nobis corrupti tenetur dolorem reprehenderit sunt vitae iure suscipit adipisci explicabo qui facere! Ea dolore quas maxime facere tenetur illum quibusdam sapiente dolorem nesciunt laudantium necessitatibus accusamus ab libero.</p><p>Lorem ipsum dolor sit amet, consectetur adipisicing elit. Temporibus reprehenderit ad atque cum est. Commodi consequatur soluta officiis veniam nobis corrupti tenetur dolorem reprehenderit sunt vitae iure suscipit adipisci explicabo qui facere! Ea dolore quas maxime facere tenetur illum quibusdam sapiente dolorem nesciunt laudantium necessitatibus accusamus ab libero.</p><p>Lorem ipsum dolor sit amet, consectetur adipisicing elit. Temporibus reprehenderit ad atque cum est. Commodi consequatur soluta officiis veniam nobis corrupti tenetur dolorem reprehenderit sunt vitae iure suscipit adipisci explicabo qui facere! Ea dolore quas maxime facere tenetur illum quibusdam sapiente dolorem nesciunt laudantium necessitatibus accusamus ab libero.</p>',2,2,'2016-08-28 21:00:00','2016-08-29 12:37:10','2016-08-29 12:37:10'),(20,'Post two','<p>Lorem ipsum dolor sit amet, consectetur adipisicing elit. Temporibus reprehenderit ad atque cum est. Commodi consequatur soluta officiis veniam nobis corrupti tenetur dolorem reprehenderit sunt vitae iure suscipit adipisci explicabo qui facere! Ea dolore quas maxime facere tenetur illum quibusdam sapiente dolorem nesciunt laudantium necessitatibus accusamus ab libero.</p>','Text for article five<p>Lorem ipsum dolor sit amet, consectetur adipisicing elit. Temporibus reprehenderit ad atque cum est. Commodi consequatur soluta officiis veniam nobis corrupti tenetur dolorem reprehenderit sunt vitae iure suscipit adipisci explicabo qui facere! Ea dolore quas maxime facere tenetur illum quibusdam sapiente dolorem nesciunt laudantium necessitatibus accusamus ab libero.</p><p>Lorem ipsum dolor sit amet, consectetur adipisicing elit. Temporibus reprehenderit ad atque cum est. Commodi consequatur soluta officiis veniam nobis corrupti tenetur dolorem reprehenderit sunt vitae iure suscipit adipisci explicabo qui facere! Ea dolore quas maxime facere tenetur illum quibusdam sapiente dolorem nesciunt laudantium necessitatibus accusamus ab libero.</p><p>Lorem ipsum dolor sit amet, consectetur adipisicing elit. Temporibus reprehenderit ad atque cum est. Commodi consequatur soluta officiis veniam nobis corrupti tenetur dolorem reprehenderit sunt vitae iure suscipit adipisci explicabo qui facere! Ea dolore quas maxime facere tenetur illum quibusdam sapiente dolorem nesciunt laudantium necessitatibus accusamus ab libero.</p><p>Lorem ipsum dolor sit amet, consectetur adipisicing elit. Temporibus reprehenderit ad atque cum est. Commodi consequatur soluta officiis veniam nobis corrupti tenetur dolorem reprehenderit sunt vitae iure suscipit adipisci explicabo qui facere! Ea dolore quas maxime facere tenetur illum quibusdam sapiente dolorem nesciunt laudantium necessitatibus accusamus ab libero.</p><p>Lorem ipsum dolor sit amet, consectetur adipisicing elit. Temporibus reprehenderit ad atque cum est. Commodi consequatur soluta officiis veniam nobis corrupti tenetur dolorem reprehenderit sunt vitae iure suscipit adipisci explicabo qui facere! Ea dolore quas maxime facere tenetur illum quibusdam sapiente dolorem nesciunt laudantium necessitatibus accusamus ab libero.</p><p>Lorem ipsum dolor sit amet, consectetur adipisicing elit. Temporibus reprehenderit ad atque cum est. Commodi consequatur soluta officiis veniam nobis corrupti tenetur dolorem reprehenderit sunt vitae iure suscipit adipisci explicabo qui facere! Ea dolore quas maxime facere tenetur illum quibusdam sapiente dolorem nesciunt laudantium necessitatibus accusamus ab libero.</p><p>Lorem ipsum dolor sit amet, consectetur adipisicing elit. Temporibus reprehenderit ad atque cum est. Commodi consequatur soluta officiis veniam nobis corrupti tenetur dolorem reprehenderit sunt vitae iure suscipit adipisci explicabo qui facere! Ea dolore quas maxime facere tenetur illum quibusdam sapiente dolorem nesciunt laudantium necessitatibus accusamus ab libero.</p><p>Lorem ipsum dolor sit amet, consectetur adipisicing elit. Temporibus reprehenderit ad atque cum est. Commodi consequatur soluta officiis veniam nobis corrupti tenetur dolorem reprehenderit sunt vitae iure suscipit adipisci explicabo qui facere! Ea dolore quas maxime facere tenetur illum quibusdam sapiente dolorem nesciunt laudantium necessitatibus accusamus ab libero.</p>',2,2,'2016-08-28 21:00:00','2016-08-29 12:37:10','2016-08-29 12:37:10'),(21,'Post three','<p>Lorem ipsum dolor sit amet, consectetur adipisicing elit. Temporibus reprehenderit ad atque cum est. Commodi consequatur soluta officiis veniam nobis corrupti tenetur dolorem reprehenderit sunt vitae iure suscipit adipisci explicabo qui facere! Ea dolore quas maxime facere tenetur illum quibusdam sapiente dolorem nesciunt laudantium necessitatibus accusamus ab libero.</p>','Text for article five<p>Lorem ipsum dolor sit amet, consectetur adipisicing elit. Temporibus reprehenderit ad atque cum est. Commodi consequatur soluta officiis veniam nobis corrupti tenetur dolorem reprehenderit sunt vitae iure suscipit adipisci explicabo qui facere! Ea dolore quas maxime facere tenetur illum quibusdam sapiente dolorem nesciunt laudantium necessitatibus accusamus ab libero.</p><p>Lorem ipsum dolor sit amet, consectetur adipisicing elit. Temporibus reprehenderit ad atque cum est. Commodi consequatur soluta officiis veniam nobis corrupti tenetur dolorem reprehenderit sunt vitae iure suscipit adipisci explicabo qui facere! Ea dolore quas maxime facere tenetur illum quibusdam sapiente dolorem nesciunt laudantium necessitatibus accusamus ab libero.</p><p>Lorem ipsum dolor sit amet, consectetur adipisicing elit. Temporibus reprehenderit ad atque cum est. Commodi consequatur soluta officiis veniam nobis corrupti tenetur dolorem reprehenderit sunt vitae iure suscipit adipisci explicabo qui facere! Ea dolore quas maxime facere tenetur illum quibusdam sapiente dolorem nesciunt laudantium necessitatibus accusamus ab libero.</p><p>Lorem ipsum dolor sit amet, consectetur adipisicing elit. Temporibus reprehenderit ad atque cum est. Commodi consequatur soluta officiis veniam nobis corrupti tenetur dolorem reprehenderit sunt vitae iure suscipit adipisci explicabo qui facere! Ea dolore quas maxime facere tenetur illum quibusdam sapiente dolorem nesciunt laudantium necessitatibus accusamus ab libero.</p><p>Lorem ipsum dolor sit amet, consectetur adipisicing elit. Temporibus reprehenderit ad atque cum est. Commodi consequatur soluta officiis veniam nobis corrupti tenetur dolorem reprehenderit sunt vitae iure suscipit adipisci explicabo qui facere! Ea dolore quas maxime facere tenetur illum quibusdam sapiente dolorem nesciunt laudantium necessitatibus accusamus ab libero.</p><p>Lorem ipsum dolor sit amet, consectetur adipisicing elit. Temporibus reprehenderit ad atque cum est. Commodi consequatur soluta officiis veniam nobis corrupti tenetur dolorem reprehenderit sunt vitae iure suscipit adipisci explicabo qui facere! Ea dolore quas maxime facere tenetur illum quibusdam sapiente dolorem nesciunt laudantium necessitatibus accusamus ab libero.</p><p>Lorem ipsum dolor sit amet, consectetur adipisicing elit. Temporibus reprehenderit ad atque cum est. Commodi consequatur soluta officiis veniam nobis corrupti tenetur dolorem reprehenderit sunt vitae iure suscipit adipisci explicabo qui facere! Ea dolore quas maxime facere tenetur illum quibusdam sapiente dolorem nesciunt laudantium necessitatibus accusamus ab libero.</p><p>Lorem ipsum dolor sit amet, consectetur adipisicing elit. Temporibus reprehenderit ad atque cum est. Commodi consequatur soluta officiis veniam nobis corrupti tenetur dolorem reprehenderit sunt vitae iure suscipit adipisci explicabo qui facere! Ea dolore quas maxime facere tenetur illum quibusdam sapiente dolorem nesciunt laudantium necessitatibus accusamus ab libero.</p>',2,2,'2016-08-28 21:00:00','2016-08-29 12:37:10','2016-08-29 12:37:10'),(22,'Post four','<p>Lorem ipsum dolor sit amet, consectetur adipisicing elit. Temporibus reprehenderit ad atque cum est. Commodi consequatur soluta officiis veniam nobis corrupti tenetur dolorem reprehenderit sunt vitae iure suscipit adipisci explicabo qui facere! Ea dolore quas maxime facere tenetur illum quibusdam sapiente dolorem nesciunt laudantium necessitatibus accusamus ab libero.</p>','Text for article five<p>Lorem ipsum dolor sit amet, consectetur adipisicing elit. Temporibus reprehenderit ad atque cum est. Commodi consequatur soluta officiis veniam nobis corrupti tenetur dolorem reprehenderit sunt vitae iure suscipit adipisci explicabo qui facere! Ea dolore quas maxime facere tenetur illum quibusdam sapiente dolorem nesciunt laudantium necessitatibus accusamus ab libero.</p><p>Lorem ipsum dolor sit amet, consectetur adipisicing elit. Temporibus reprehenderit ad atque cum est. Commodi consequatur soluta officiis veniam nobis corrupti tenetur dolorem reprehenderit sunt vitae iure suscipit adipisci explicabo qui facere! Ea dolore quas maxime facere tenetur illum quibusdam sapiente dolorem nesciunt laudantium necessitatibus accusamus ab libero.</p><p>Lorem ipsum dolor sit amet, consectetur adipisicing elit. Temporibus reprehenderit ad atque cum est. Commodi consequatur soluta officiis veniam nobis corrupti tenetur dolorem reprehenderit sunt vitae iure suscipit adipisci explicabo qui facere! Ea dolore quas maxime facere tenetur illum quibusdam sapiente dolorem nesciunt laudantium necessitatibus accusamus ab libero.</p><p>Lorem ipsum dolor sit amet, consectetur adipisicing elit. Temporibus reprehenderit ad atque cum est. Commodi consequatur soluta officiis veniam nobis corrupti tenetur dolorem reprehenderit sunt vitae iure suscipit adipisci explicabo qui facere! Ea dolore quas maxime facere tenetur illum quibusdam sapiente dolorem nesciunt laudantium necessitatibus accusamus ab libero.</p><p>Lorem ipsum dolor sit amet, consectetur adipisicing elit. Temporibus reprehenderit ad atque cum est. Commodi consequatur soluta officiis veniam nobis corrupti tenetur dolorem reprehenderit sunt vitae iure suscipit adipisci explicabo qui facere! Ea dolore quas maxime facere tenetur illum quibusdam sapiente dolorem nesciunt laudantium necessitatibus accusamus ab libero.</p><p>Lorem ipsum dolor sit amet, consectetur adipisicing elit. Temporibus reprehenderit ad atque cum est. Commodi consequatur soluta officiis veniam nobis corrupti tenetur dolorem reprehenderit sunt vitae iure suscipit adipisci explicabo qui facere! Ea dolore quas maxime facere tenetur illum quibusdam sapiente dolorem nesciunt laudantium necessitatibus accusamus ab libero.</p><p>Lorem ipsum dolor sit amet, consectetur adipisicing elit. Temporibus reprehenderit ad atque cum est. Commodi consequatur soluta officiis veniam nobis corrupti tenetur dolorem reprehenderit sunt vitae iure suscipit adipisci explicabo qui facere! Ea dolore quas maxime facere tenetur illum quibusdam sapiente dolorem nesciunt laudantium necessitatibus accusamus ab libero.</p><p>Lorem ipsum dolor sit amet, consectetur adipisicing elit. Temporibus reprehenderit ad atque cum est. Commodi consequatur soluta officiis veniam nobis corrupti tenetur dolorem reprehenderit sunt vitae iure suscipit adipisci explicabo qui facere! Ea dolore quas maxime facere tenetur illum quibusdam sapiente dolorem nesciunt laudantium necessitatibus accusamus ab libero.</p>',2,2,'2016-08-29 21:00:00','2016-08-29 12:37:10','2016-08-29 12:37:10'),(23,'Post five','<p>Lorem ipsum dolor sit amet, consectetur adipisicing elit. Temporibus reprehenderit ad atque cum est. Commodi consequatur soluta officiis veniam nobis corrupti tenetur dolorem reprehenderit sunt vitae iure suscipit adipisci explicabo qui facere! Ea dolore quas maxime facere tenetur illum quibusdam sapiente dolorem nesciunt laudantium necessitatibus accusamus ab libero.</p>','Text for article five<p>Lorem ipsum dolor sit amet, consectetur adipisicing elit. Temporibus reprehenderit ad atque cum est. Commodi consequatur soluta officiis veniam nobis corrupti tenetur dolorem reprehenderit sunt vitae iure suscipit adipisci explicabo qui facere! Ea dolore quas maxime facere tenetur illum quibusdam sapiente dolorem nesciunt laudantium necessitatibus accusamus ab libero.</p><p>Lorem ipsum dolor sit amet, consectetur adipisicing elit. Temporibus reprehenderit ad atque cum est. Commodi consequatur soluta officiis veniam nobis corrupti tenetur dolorem reprehenderit sunt vitae iure suscipit adipisci explicabo qui facere! Ea dolore quas maxime facere tenetur illum quibusdam sapiente dolorem nesciunt laudantium necessitatibus accusamus ab libero.</p><p>Lorem ipsum dolor sit amet, consectetur adipisicing elit. Temporibus reprehenderit ad atque cum est. Commodi consequatur soluta officiis veniam nobis corrupti tenetur dolorem reprehenderit sunt vitae iure suscipit adipisci explicabo qui facere! Ea dolore quas maxime facere tenetur illum quibusdam sapiente dolorem nesciunt laudantium necessitatibus accusamus ab libero.</p><p>Lorem ipsum dolor sit amet, consectetur adipisicing elit. Temporibus reprehenderit ad atque cum est. Commodi consequatur soluta officiis veniam nobis corrupti tenetur dolorem reprehenderit sunt vitae iure suscipit adipisci explicabo qui facere! Ea dolore quas maxime facere tenetur illum quibusdam sapiente dolorem nesciunt laudantium necessitatibus accusamus ab libero.</p><p>Lorem ipsum dolor sit amet, consectetur adipisicing elit. Temporibus reprehenderit ad atque cum est. Commodi consequatur soluta officiis veniam nobis corrupti tenetur dolorem reprehenderit sunt vitae iure suscipit adipisci explicabo qui facere! Ea dolore quas maxime facere tenetur illum quibusdam sapiente dolorem nesciunt laudantium necessitatibus accusamus ab libero.</p><p>Lorem ipsum dolor sit amet, consectetur adipisicing elit. Temporibus reprehenderit ad atque cum est. Commodi consequatur soluta officiis veniam nobis corrupti tenetur dolorem reprehenderit sunt vitae iure suscipit adipisci explicabo qui facere! Ea dolore quas maxime facere tenetur illum quibusdam sapiente dolorem nesciunt laudantium necessitatibus accusamus ab libero.</p><p>Lorem ipsum dolor sit amet, consectetur adipisicing elit. Temporibus reprehenderit ad atque cum est. Commodi consequatur soluta officiis veniam nobis corrupti tenetur dolorem reprehenderit sunt vitae iure suscipit adipisci explicabo qui facere! Ea dolore quas maxime facere tenetur illum quibusdam sapiente dolorem nesciunt laudantium necessitatibus accusamus ab libero.</p><p>Lorem ipsum dolor sit amet, consectetur adipisicing elit. Temporibus reprehenderit ad atque cum est. Commodi consequatur soluta officiis veniam nobis corrupti tenetur dolorem reprehenderit sunt vitae iure suscipit adipisci explicabo qui facere! Ea dolore quas maxime facere tenetur illum quibusdam sapiente dolorem nesciunt laudantium necessitatibus accusamus ab libero.</p>',2,2,'2016-08-30 21:00:00','2016-08-29 12:37:10','2016-08-29 12:37:10'),(24,'Post six','<p>Lorem ipsum dolor sit amet, consectetur adipisicing elit. Temporibus reprehenderit ad atque cum est. Commodi consequatur soluta officiis veniam nobis corrupti tenetur dolorem reprehenderit sunt vitae iure suscipit adipisci explicabo qui facere! Ea dolore quas maxime facere tenetur illum quibusdam sapiente dolorem nesciunt laudantium necessitatibus accusamus ab libero.</p>','Text for article five<p>Lorem ipsum dolor sit amet, consectetur adipisicing elit. Temporibus reprehenderit ad atque cum est. Commodi consequatur soluta officiis veniam nobis corrupti tenetur dolorem reprehenderit sunt vitae iure suscipit adipisci explicabo qui facere! Ea dolore quas maxime facere tenetur illum quibusdam sapiente dolorem nesciunt laudantium necessitatibus accusamus ab libero.</p><p>Lorem ipsum dolor sit amet, consectetur adipisicing elit. Temporibus reprehenderit ad atque cum est. Commodi consequatur soluta officiis veniam nobis corrupti tenetur dolorem reprehenderit sunt vitae iure suscipit adipisci explicabo qui facere! Ea dolore quas maxime facere tenetur illum quibusdam sapiente dolorem nesciunt laudantium necessitatibus accusamus ab libero.</p><p>Lorem ipsum dolor sit amet, consectetur adipisicing elit. Temporibus reprehenderit ad atque cum est. Commodi consequatur soluta officiis veniam nobis corrupti tenetur dolorem reprehenderit sunt vitae iure suscipit adipisci explicabo qui facere! Ea dolore quas maxime facere tenetur illum quibusdam sapiente dolorem nesciunt laudantium necessitatibus accusamus ab libero.</p><p>Lorem ipsum dolor sit amet, consectetur adipisicing elit. Temporibus reprehenderit ad atque cum est. Commodi consequatur soluta officiis veniam nobis corrupti tenetur dolorem reprehenderit sunt vitae iure suscipit adipisci explicabo qui facere! Ea dolore quas maxime facere tenetur illum quibusdam sapiente dolorem nesciunt laudantium necessitatibus accusamus ab libero.</p><p>Lorem ipsum dolor sit amet, consectetur adipisicing elit. Temporibus reprehenderit ad atque cum est. Commodi consequatur soluta officiis veniam nobis corrupti tenetur dolorem reprehenderit sunt vitae iure suscipit adipisci explicabo qui facere! Ea dolore quas maxime facere tenetur illum quibusdam sapiente dolorem nesciunt laudantium necessitatibus accusamus ab libero.</p><p>Lorem ipsum dolor sit amet, consectetur adipisicing elit. Temporibus reprehenderit ad atque cum est. Commodi consequatur soluta officiis veniam nobis corrupti tenetur dolorem reprehenderit sunt vitae iure suscipit adipisci explicabo qui facere! Ea dolore quas maxime facere tenetur illum quibusdam sapiente dolorem nesciunt laudantium necessitatibus accusamus ab libero.</p><p>Lorem ipsum dolor sit amet, consectetur adipisicing elit. Temporibus reprehenderit ad atque cum est. Commodi consequatur soluta officiis veniam nobis corrupti tenetur dolorem reprehenderit sunt vitae iure suscipit adipisci explicabo qui facere! Ea dolore quas maxime facere tenetur illum quibusdam sapiente dolorem nesciunt laudantium necessitatibus accusamus ab libero.</p><p>Lorem ipsum dolor sit amet, consectetur adipisicing elit. Temporibus reprehenderit ad atque cum est. Commodi consequatur soluta officiis veniam nobis corrupti tenetur dolorem reprehenderit sunt vitae iure suscipit adipisci explicabo qui facere! Ea dolore quas maxime facere tenetur illum quibusdam sapiente dolorem nesciunt laudantium necessitatibus accusamus ab libero.</p>',2,2,'2016-08-28 21:00:00','2016-08-29 12:37:10','2016-08-29 12:37:10'),(25,'Post seven','<p>Lorem ipsum dolor sit amet, consectetur adipisicing elit. Temporibus reprehenderit ad atque cum est. Commodi consequatur soluta officiis veniam nobis corrupti tenetur dolorem reprehenderit sunt vitae iure suscipit adipisci explicabo qui facere! Ea dolore quas maxime facere tenetur illum quibusdam sapiente dolorem nesciunt laudantium necessitatibus accusamus ab libero.</p>','Text for article five<p>Lorem ipsum dolor sit amet, consectetur adipisicing elit. Temporibus reprehenderit ad atque cum est. Commodi consequatur soluta officiis veniam nobis corrupti tenetur dolorem reprehenderit sunt vitae iure suscipit adipisci explicabo qui facere! Ea dolore quas maxime facere tenetur illum quibusdam sapiente dolorem nesciunt laudantium necessitatibus accusamus ab libero.</p><p>Lorem ipsum dolor sit amet, consectetur adipisicing elit. Temporibus reprehenderit ad atque cum est. Commodi consequatur soluta officiis veniam nobis corrupti tenetur dolorem reprehenderit sunt vitae iure suscipit adipisci explicabo qui facere! Ea dolore quas maxime facere tenetur illum quibusdam sapiente dolorem nesciunt laudantium necessitatibus accusamus ab libero.</p><p>Lorem ipsum dolor sit amet, consectetur adipisicing elit. Temporibus reprehenderit ad atque cum est. Commodi consequatur soluta officiis veniam nobis corrupti tenetur dolorem reprehenderit sunt vitae iure suscipit adipisci explicabo qui facere! Ea dolore quas maxime facere tenetur illum quibusdam sapiente dolorem nesciunt laudantium necessitatibus accusamus ab libero.</p><p>Lorem ipsum dolor sit amet, consectetur adipisicing elit. Temporibus reprehenderit ad atque cum est. Commodi consequatur soluta officiis veniam nobis corrupti tenetur dolorem reprehenderit sunt vitae iure suscipit adipisci explicabo qui facere! Ea dolore quas maxime facere tenetur illum quibusdam sapiente dolorem nesciunt laudantium necessitatibus accusamus ab libero.</p><p>Lorem ipsum dolor sit amet, consectetur adipisicing elit. Temporibus reprehenderit ad atque cum est. Commodi consequatur soluta officiis veniam nobis corrupti tenetur dolorem reprehenderit sunt vitae iure suscipit adipisci explicabo qui facere! Ea dolore quas maxime facere tenetur illum quibusdam sapiente dolorem nesciunt laudantium necessitatibus accusamus ab libero.</p><p>Lorem ipsum dolor sit amet, consectetur adipisicing elit. Temporibus reprehenderit ad atque cum est. Commodi consequatur soluta officiis veniam nobis corrupti tenetur dolorem reprehenderit sunt vitae iure suscipit adipisci explicabo qui facere! Ea dolore quas maxime facere tenetur illum quibusdam sapiente dolorem nesciunt laudantium necessitatibus accusamus ab libero.</p><p>Lorem ipsum dolor sit amet, consectetur adipisicing elit. Temporibus reprehenderit ad atque cum est. Commodi consequatur soluta officiis veniam nobis corrupti tenetur dolorem reprehenderit sunt vitae iure suscipit adipisci explicabo qui facere! Ea dolore quas maxime facere tenetur illum quibusdam sapiente dolorem nesciunt laudantium necessitatibus accusamus ab libero.</p><p>Lorem ipsum dolor sit amet, consectetur adipisicing elit. Temporibus reprehenderit ad atque cum est. Commodi consequatur soluta officiis veniam nobis corrupti tenetur dolorem reprehenderit sunt vitae iure suscipit adipisci explicabo qui facere! Ea dolore quas maxime facere tenetur illum quibusdam sapiente dolorem nesciunt laudantium necessitatibus accusamus ab libero.</p>',2,2,'2016-08-28 21:00:00','2016-08-29 13:15:55','2016-08-29 13:15:55'),(26,'Post eight','<p>Lorem ipsum dolor sit amet, consectetur adipisicing elit. Temporibus reprehenderit ad atque cum est. Commodi consequatur soluta officiis veniam nobis corrupti tenetur dolorem reprehenderit sunt vitae iure suscipit adipisci explicabo qui facere! Ea dolore quas maxime facere tenetur illum quibusdam sapiente dolorem nesciunt laudantium necessitatibus accusamus ab libero.</p>','Text for article five<p>Lorem ipsum dolor sit amet, consectetur adipisicing elit. Temporibus reprehenderit ad atque cum est. Commodi consequatur soluta officiis veniam nobis corrupti tenetur dolorem reprehenderit sunt vitae iure suscipit adipisci explicabo qui facere! Ea dolore quas maxime facere tenetur illum quibusdam sapiente dolorem nesciunt laudantium necessitatibus accusamus ab libero.</p><p>Lorem ipsum dolor sit amet, consectetur adipisicing elit. Temporibus reprehenderit ad atque cum est. Commodi consequatur soluta officiis veniam nobis corrupti tenetur dolorem reprehenderit sunt vitae iure suscipit adipisci explicabo qui facere! Ea dolore quas maxime facere tenetur illum quibusdam sapiente dolorem nesciunt laudantium necessitatibus accusamus ab libero.</p><p>Lorem ipsum dolor sit amet, consectetur adipisicing elit. Temporibus reprehenderit ad atque cum est. Commodi consequatur soluta officiis veniam nobis corrupti tenetur dolorem reprehenderit sunt vitae iure suscipit adipisci explicabo qui facere! Ea dolore quas maxime facere tenetur illum quibusdam sapiente dolorem nesciunt laudantium necessitatibus accusamus ab libero.</p><p>Lorem ipsum dolor sit amet, consectetur adipisicing elit. Temporibus reprehenderit ad atque cum est. Commodi consequatur soluta officiis veniam nobis corrupti tenetur dolorem reprehenderit sunt vitae iure suscipit adipisci explicabo qui facere! Ea dolore quas maxime facere tenetur illum quibusdam sapiente dolorem nesciunt laudantium necessitatibus accusamus ab libero.</p><p>Lorem ipsum dolor sit amet, consectetur adipisicing elit. Temporibus reprehenderit ad atque cum est. Commodi consequatur soluta officiis veniam nobis corrupti tenetur dolorem reprehenderit sunt vitae iure suscipit adipisci explicabo qui facere! Ea dolore quas maxime facere tenetur illum quibusdam sapiente dolorem nesciunt laudantium necessitatibus accusamus ab libero.</p><p>Lorem ipsum dolor sit amet, consectetur adipisicing elit. Temporibus reprehenderit ad atque cum est. Commodi consequatur soluta officiis veniam nobis corrupti tenetur dolorem reprehenderit sunt vitae iure suscipit adipisci explicabo qui facere! Ea dolore quas maxime facere tenetur illum quibusdam sapiente dolorem nesciunt laudantium necessitatibus accusamus ab libero.</p><p>Lorem ipsum dolor sit amet, consectetur adipisicing elit. Temporibus reprehenderit ad atque cum est. Commodi consequatur soluta officiis veniam nobis corrupti tenetur dolorem reprehenderit sunt vitae iure suscipit adipisci explicabo qui facere! Ea dolore quas maxime facere tenetur illum quibusdam sapiente dolorem nesciunt laudantium necessitatibus accusamus ab libero.</p><p>Lorem ipsum dolor sit amet, consectetur adipisicing elit. Temporibus reprehenderit ad atque cum est. Commodi consequatur soluta officiis veniam nobis corrupti tenetur dolorem reprehenderit sunt vitae iure suscipit adipisci explicabo qui facere! Ea dolore quas maxime facere tenetur illum quibusdam sapiente dolorem nesciunt laudantium necessitatibus accusamus ab libero.</p>',2,2,'2016-09-28 21:00:00','2016-08-29 13:17:49','2016-08-29 13:17:49'),(30,' !!!!!!!!!!','','  ',1,1,'2016-09-24 21:00:00','2016-08-31 07:01:22','2016-08-31 10:42:02'),(31,'','Lorem ipsum dolor sit amet, consectetur adipisicing elit. Delectus quo esse fugit quasi doloremque sequi impedit. Doloremque esse rem saepe sit libero facere exercitationem reprehenderit mollitia incidunt quas culpa at illo veniam error odit expedita dignissimos quia nostrum perferendis officia molestias totam distinctio nesciunt eum accusamus quo animi assumenda eveniet aperiam fugiat accusantium harum ullam.','Lorem ipsum dolor sit amet, consectetur adipisicing elit. Delectus quo esse fugit quasi doloremque sequi impedit. Doloremque esse rem saepe sit libero facere exercitationem reprehenderit mollitia incidunt quas culpa at illo veniam error odit expedita dignissimos quia nostrum perferendis officia molestias totam distinctio nesciunt eum accusamus quo animi assumenda eveniet aperiam fugiat accusantium harum ullam.Lorem ipsum dolor sit amet, consectetur adipisicing elit. Delectus quo esse fugit quasi doloremque sequi impedit. Doloremque esse rem saepe sit libero facere exercitationem reprehenderit mollitia incidunt quas culpa at illo veniam error odit expedita dignissimos quia nostrum perferendis officia molestias totam distinctio nesciunt eum accusamus quo animi assumenda eveniet aperiam fugiat accusantium harum ullam.Lorem ipsum dolor sit amet, consectetur adipisicing elit. Delectus quo esse fugit quasi doloremque sequi impedit. Doloremque esse rem saepe sit libero facere exercitationem reprehenderit mollitia incidunt quas culpa at illo veniam error odit expedita dignissimos quia nostrum perferendis officia molestias totam distinctio nesciunt eum accusamus quo animi assumenda eveniet aperiam fugiat accusantium harum ullam.Lorem ipsum dolor sit amet, consectetur adipisicing elit. Delectus quo esse fugit quasi doloremque sequi impedit. Doloremque esse rem saepe sit libero facere exercitationem reprehenderit mollitia incidunt quas culpa at illo veniam error odit expedita dignissimos quia nostrum perferendis officia molestias totam distinctio nesciunt eum accusamus quo animi assumenda eveniet aperiam fugiat accusantium harum ullam.Lorem ipsum dolor sit amet, consectetur adipisicing elit. Delectus quo esse fugit quasi doloremque sequi impedit. Doloremque esse rem saepe sit libero facere exercitationem reprehenderit mollitia incidunt quas culpa at illo veniam error odit expedita dignissimos quia nostrum perferendis officia molestias totam distinctio nesciunt eum accusamus quo animi assumenda eveniet aperiam fugiat accusantium harum ullam.Lorem ipsum dolor sit amet, consectetur adipisicing elit. Delectus quo esse fugit quasi doloremque sequi impedit. Doloremque esse rem saepe sit libero facere exercitationem reprehenderit mollitia incidunt quas culpa at illo veniam error odit expedita dignissimos quia nostrum perferendis officia molestias totam distinctio nesciunt eum accusamus quo animi assumenda eveniet aperiam fugiat accusantium harum ullam.',1,1,'2016-09-06 21:00:00','2016-08-31 09:33:20','2016-08-31 14:43:02'),(32,'sadfasdf','asdfasdfasdf','asdfasdfasdf',1,1,'2016-08-30 21:00:00','2016-08-31 09:34:29','2016-08-31 09:34:29'),(33,'asdfasdf','sadfasdfasdf','asdfasdfasdfas',1,1,'2016-08-30 21:00:00','2016-08-31 09:35:01','2016-08-31 09:35:01'),(34,'asdfasdf','asdfasfdasdf','asdfasdfadfs',1,1,'2016-08-30 21:00:00','2016-08-31 09:40:44','2016-08-31 09:40:44'),(35,'dfasdfas','asdfasdf','sadfasdf',1,1,'2016-09-01 21:00:00','2016-09-02 14:16:08','2016-09-02 14:16:08'),(36,'  ','    ','    ',1,1,'2016-09-01 21:00:00','2016-09-02 14:24:40','2016-09-02 14:24:40'),(37,'  ','    ','    ',1,1,'2016-09-01 21:00:00','2016-09-02 14:25:23','2016-09-02 14:25:23'),(38,'asdfasdfsad','asdfasdf','asdfasdf',1,1,'2016-09-01 21:00:00','2016-09-02 14:25:41','2016-09-02 14:25:41'),(39,'asdfasdfsad','asdfasdf','asdfasdf',1,1,'2016-09-01 21:00:00','2016-09-02 14:25:59','2016-09-02 14:25:59'),(40,'asdfasdfsad','asdfasdf','asdfasdf',1,1,'2016-09-01 21:00:00','2016-09-02 14:26:34','2016-09-02 14:26:34'),(41,'asdfasdfsad','asdfasdf','asdfasdf',1,1,'2016-09-01 21:00:00','2016-09-02 14:27:37','2016-09-02 14:27:37'),(42,'asdfasdfsad','asdfasdf','asdfasdf',1,1,'2016-09-01 21:00:00','2016-09-02 14:28:43','2016-09-02 14:28:43'),(43,'asdfasdfsad','asdfasdf','asdfasdf',1,1,'2016-09-01 21:00:00','2016-09-02 14:29:22','2016-09-02 14:29:22'),(44,'asdfasdf','asdfasdf','asdfasdf',1,1,'2016-09-01 21:00:00','2016-09-02 14:29:35','2016-09-02 14:29:35'),(45,'asdfasdf','asdfasdf','asdfasdf',1,1,'2016-09-01 21:00:00','2016-09-02 14:30:58','2016-09-02 14:30:58'),(46,'asdfasdf','asdfasdf','asdfasdf',1,1,'2016-09-01 21:00:00','2016-09-02 14:31:16','2016-09-02 14:31:16'),(47,'asdfasdf','sadfasdf','sadfasdf',1,1,'2016-09-01 21:00:00','2016-09-02 14:31:55','2016-09-02 14:31:55'),(48,'asdfasd','asdfasd','asdfasdf',1,1,'2016-09-01 21:00:00','2016-09-02 14:33:26','2016-09-02 14:33:26'),(49,'Multiple tags','Multiple tags excerpt','Multiple tags Text',1,1,'2016-09-04 21:00:00','2016-09-05 07:20:56','2016-09-05 07:20:56'),(50,'New article','Global tag','Global tag',1,1,'2016-09-04 21:00:00','2016-09-05 11:00:02','2016-09-05 11:00:02');
/*!40000 ALTER TABLE `articles` ENABLE KEYS */;
UNLOCK TABLES;

--
-- Table structure for table `blogs`
--

DROP TABLE IF EXISTS `blogs`;
/*!40101 SET @saved_cs_client     = @@character_set_client */;
/*!40101 SET character_set_client = utf8 */;
CREATE TABLE `blogs` (
  `id` int(10) unsigned NOT NULL AUTO_INCREMENT,
  `name` varchar(255) COLLATE utf8_unicode_ci NOT NULL,
  `description` varchar(255) COLLATE utf8_unicode_ci NOT NULL,
  `user_id` int(10) unsigned NOT NULL,
  `created_at` timestamp NULL DEFAULT NULL,
  `updated_at` timestamp NULL DEFAULT NULL,
  PRIMARY KEY (`id`)
) ENGINE=InnoDB AUTO_INCREMENT=9 DEFAULT CHARSET=utf8 COLLATE=utf8_unicode_ci;
/*!40101 SET character_set_client = @saved_cs_client */;

--
-- Dumping data for table `blogs`
--

LOCK TABLES `blogs` WRITE;
/*!40000 ALTER TABLE `blogs` DISABLE KEYS */;
INSERT INTO `blogs` VALUES (1,'My blog','Lorem ipsum dolor sit amet, consectetur adipisicing elit. Lorem ipsum dolor sit amet, consectetur adipisicing elit.',1,'2016-08-26 11:12:37','2016-08-26 11:12:37'),(2,'Polikarpov blog','Lorem ipsum dolor sit amet, consectetur adipisicing elit. Lorem ipsum dolor sit amet, consectetur adipisicing elit.',2,'2016-08-26 12:04:56','2016-08-26 12:04:56'),(3,'Lorem ipsum dolor sit amet','Lorem ipsum dolor sit amet, consectetur adipisicing elit. Lorem ipsum dolor sit amet, consectetur adipisicing elit.',4,'2016-09-01 08:21:40','2016-09-01 08:21:40'),(4,'Lorem ipsum dolor sit amet','Lorem ipsum dolor sit amet, consectetur adipisicing elit. Lorem ipsum dolor sit amet, consectetur adipisicing elit.',5,'2016-09-01 08:22:51','2016-09-01 08:22:51'),(5,'Lorem ipsum dolor sit amet','Lorem ipsum dolor sit amet, consectetur adipisicing elit. Lorem ipsum dolor sit amet, consectetur adipisicing elit.',6,'2016-09-01 08:23:24','2016-09-01 08:23:24'),(6,'Lorem ipsum dolor sit amet','Lorem ipsum dolor sit amet, consectetur adipisicing elit. Lorem ipsum dolor sit amet, consectetur adipisicing elit.',7,'2016-09-01 08:24:00','2016-09-01 08:24:00'),(7,'Lorem ipsum dolor sit amet','Lorem ipsum dolor sit amet, consectetur adipisicing elit. Lorem ipsum dolor sit amet, consectetur adipisicing elit.',8,'2016-09-01 13:29:31','2016-09-01 13:29:31'),(8,'Lorem ipsum dolor sit amet','Lorem ipsum dolor sit amet, consectetur adipisicing elit. Lorem ipsum dolor sit amet, consectetur adipisicing elit.',9,'2016-09-05 12:53:22','2016-09-05 12:53:22');
/*!40000 ALTER TABLE `blogs` ENABLE KEYS */;
UNLOCK TABLES;

--
-- Table structure for table `comments`
--

DROP TABLE IF EXISTS `comments`;
/*!40101 SET @saved_cs_client     = @@character_set_client */;
/*!40101 SET character_set_client = utf8 */;
CREATE TABLE `comments` (
  `id` int(10) unsigned NOT NULL AUTO_INCREMENT,
  `comment` text COLLATE utf8_unicode_ci NOT NULL,
  `user_id` int(10) unsigned NOT NULL,
  `article_id` int(10) unsigned NOT NULL,
  `created_at` timestamp NULL DEFAULT NULL,
  `updated_at` timestamp NULL DEFAULT NULL,
  PRIMARY KEY (`id`),
  KEY `comments_user_id_foreign` (`user_id`),
  KEY `comments_article_id_foreign` (`article_id`),
  CONSTRAINT `comments_article_id_foreign` FOREIGN KEY (`article_id`) REFERENCES `articles` (`id`) ON DELETE CASCADE ON UPDATE CASCADE,
  CONSTRAINT `comments_user_id_foreign` FOREIGN KEY (`user_id`) REFERENCES `users` (`id`) ON DELETE CASCADE ON UPDATE CASCADE
) ENGINE=InnoDB AUTO_INCREMENT=13 DEFAULT CHARSET=utf8 COLLATE=utf8_unicode_ci;
/*!40101 SET character_set_client = @saved_cs_client */;

--
-- Dumping data for table `comments`
--

LOCK TABLES `comments` WRITE;
/*!40000 ALTER TABLE `comments` DISABLE KEYS */;
INSERT INTO `comments` VALUES (6,'First comment',1,4,'2016-09-02 12:32:38','2016-09-02 12:32:38'),(7,'    ',1,4,'2016-09-02 12:45:28','2016-09-02 12:45:28'),(8,'Comment',1,49,'2016-09-05 07:40:19','2016-09-05 07:40:19'),(10,'Etiam mollis volutpat odio, id euismod justo gravida a. Aliquam erat volutpat. Phasellus faucibus venenatis lorem, vitae commodo elit pretium et. Duis rhoncus lobortis congue. Vestibulum et purus dui, vel porta lectus. Sed vulputate pulvinar adipiscing. It enim ad minim veniam, quis nostrud exercitation ullamco laboris nisi ut aliquip ex ea commodo consequat. ',1,49,'2016-09-05 15:24:02','2016-09-05 15:24:02'),(11,'Etiam mollis volutpat odio, id euismod justo gravida a. Aliquam erat volutpat. Phasellus faucibus venenatis lorem, vitae commodo elit pretium et. Duis rhoncus lobortis congue. Vestibulum et purus dui, vel porta lectus. Sed vulputate pulvinar adipiscing. It enim ad minim veniam, quis nostrud exercitation ullamco laboris nisi ut aliquip ex ea commodo consequat. ',1,49,'2016-09-05 15:24:09','2016-09-05 15:24:09'),(12,'Etiam mollis volutpat odio, id euismod justo gravida a. Aliquam erat volutpat. Phasellus faucibus venenatis lorem, vitae commodo elit pretium et. Duis rhoncus lobortis congue. Vestibulum et purus dui, vel porta lectus. Sed vulputate pulvinar adipiscing. It enim ad minim veniam, quis nostrud exercitation ullamco laboris nisi ut aliquip ex ea commodo consequat. ',1,49,'2016-09-05 15:24:17','2016-09-05 15:24:17');
/*!40000 ALTER TABLE `comments` ENABLE KEYS */;
UNLOCK TABLES;

--
-- Table structure for table `migrations`
--

DROP TABLE IF EXISTS `migrations`;
/*!40101 SET @saved_cs_client     = @@character_set_client */;
/*!40101 SET character_set_client = utf8 */;
CREATE TABLE `migrations` (
  `migration` varchar(255) COLLATE utf8_unicode_ci NOT NULL,
  `batch` int(11) NOT NULL
) ENGINE=InnoDB DEFAULT CHARSET=utf8 COLLATE=utf8_unicode_ci;
/*!40101 SET character_set_client = @saved_cs_client */;

--
-- Dumping data for table `migrations`
--

LOCK TABLES `migrations` WRITE;
/*!40000 ALTER TABLE `migrations` DISABLE KEYS */;
INSERT INTO `migrations` VALUES ('2014_10_12_000000_create_users_table',1),('2014_10_12_100000_create_password_resets_table',1),('2016_08_26_110327_create_blogs_table',1),('2016_08_26_111434_add_blog_id_field_to_users_table',1),('2016_08_29_063236_create_articles_table',2),('2016_09_02_143859_create_comments_table',3),('2016_09_02_162456_create_tags_table',4);
/*!40000 ALTER TABLE `migrations` ENABLE KEYS */;
UNLOCK TABLES;

--
-- Table structure for table `password_resets`
--

DROP TABLE IF EXISTS `password_resets`;
/*!40101 SET @saved_cs_client     = @@character_set_client */;
/*!40101 SET character_set_client = utf8 */;
CREATE TABLE `password_resets` (
  `email` varchar(255) COLLATE utf8_unicode_ci NOT NULL,
  `token` varchar(255) COLLATE utf8_unicode_ci NOT NULL,
  `created_at` timestamp NULL DEFAULT NULL,
  KEY `password_resets_email_index` (`email`),
  KEY `password_resets_token_index` (`token`)
) ENGINE=InnoDB DEFAULT CHARSET=utf8 COLLATE=utf8_unicode_ci;
/*!40101 SET character_set_client = @saved_cs_client */;

--
-- Dumping data for table `password_resets`
--

LOCK TABLES `password_resets` WRITE;
/*!40000 ALTER TABLE `password_resets` DISABLE KEYS */;
/*!40000 ALTER TABLE `password_resets` ENABLE KEYS */;
UNLOCK TABLES;

--
-- Table structure for table `tags`
--

DROP TABLE IF EXISTS `tags`;
/*!40101 SET @saved_cs_client     = @@character_set_client */;
/*!40101 SET character_set_client = utf8 */;
CREATE TABLE `tags` (
  `id` int(10) unsigned NOT NULL AUTO_INCREMENT,
  `name` varchar(255) COLLATE utf8_unicode_ci NOT NULL,
  `created_at` timestamp NULL DEFAULT NULL,
  `updated_at` timestamp NULL DEFAULT NULL,
  PRIMARY KEY (`id`)
) ENGINE=InnoDB AUTO_INCREMENT=4 DEFAULT CHARSET=utf8 COLLATE=utf8_unicode_ci;
/*!40101 SET character_set_client = @saved_cs_client */;

--
-- Dumping data for table `tags`
--

LOCK TABLES `tags` WRITE;
/*!40000 ALTER TABLE `tags` DISABLE KEYS */;
INSERT INTO `tags` VALUES (1,'sport','2016-09-02 13:47:19','2016-09-02 13:47:19'),(2,'politics','2016-09-02 13:49:21','2016-09-02 13:49:21'),(3,'computers','2016-09-02 14:05:05','2016-09-02 14:05:05');
/*!40000 ALTER TABLE `tags` ENABLE KEYS */;
UNLOCK TABLES;

--
-- Table structure for table `users`
--

DROP TABLE IF EXISTS `users`;
/*!40101 SET @saved_cs_client     = @@character_set_client */;
/*!40101 SET character_set_client = utf8 */;
CREATE TABLE `users` (
  `id` int(10) unsigned NOT NULL AUTO_INCREMENT,
  `name` varchar(255) COLLATE utf8_unicode_ci NOT NULL,
  `email` varchar(255) COLLATE utf8_unicode_ci NOT NULL,
  `password` varchar(255) COLLATE utf8_unicode_ci NOT NULL,
  `blog_id` int(10) unsigned NOT NULL,
  `remember_token` varchar(100) COLLATE utf8_unicode_ci DEFAULT NULL,
  `created_at` timestamp NULL DEFAULT NULL,
  `updated_at` timestamp NULL DEFAULT NULL,
  PRIMARY KEY (`id`),
  UNIQUE KEY `users_email_unique` (`email`)
) ENGINE=InnoDB AUTO_INCREMENT=10 DEFAULT CHARSET=utf8 COLLATE=utf8_unicode_ci;
/*!40101 SET character_set_client = @saved_cs_client */;

--
-- Dumping data for table `users`
--

LOCK TABLES `users` WRITE;
/*!40000 ALTER TABLE `users` DISABLE KEYS */;
INSERT INTO `users` VALUES (1,'Artem','bloger@gmail.com','$2y$10$y0JHJKy1NJpgE8zFkr7nbOCQTZvk9eDOX7ys7tjF/239YV8waEAF2',1,'i1lwjtD0J8sfCCQE2Ns7OXikFgtimMNcGQ2gnSt5lpXTTh3kyMtqPGShDOU8','2016-08-26 09:49:55','2016-09-05 15:28:41'),(2,'Polikarpov','lorem@psum.dolor','$2y$10$ulBjlI2MhEEMeWfLced2t.yD4iq2Tt7vdKlkIlGWq./Ow1hLCG.TC',2,'xzri4KDbiCQWMoyao7KWRgfHH8Y5SjTZ9P5jKhpV4vct4TXdTniaPDvD9T3S','2016-08-26 12:04:30','2016-08-29 13:25:07'),(3,'Tema','admin@admin.ad','$2y$10$FaTZxnO3LHvJYJwZBCD9NO9xpjy4jN/xRg83/HusumM9QiVkIBEki',0,'ps21mbF8OfJaVbofIYusdV5wtLZO0sFmo9nDQXkGNt3UmpooS8lPi3uSpTeQ','2016-08-31 13:03:58','2016-08-31 13:04:07'),(4,'Lorem1','lorem1@ipsum.dolor','$2y$10$fH2lIcVylrDJ/RWffTGV/uCJh1qpZpqX03IIbYAwZrvg7oHaOy6Uq',3,'KYer50DvflCEjtMVpIzjvaVzX8YkMwMU11Q83jmg9VtgeR35r4gzSU3bFlp7','2016-09-01 08:21:12','2016-09-01 08:21:51'),(5,'Lorem2','lorem2@ipsum.dolor','$2y$10$TQL5Bct7puLNBJOr2Gnx.eYZuEEK8vXGagX0AUp9RwM3LTtHsco.K',4,'8G95s0IeNAphbcCB1yifsnNKylM49YLgiDwIELmIO34ZUbAUw5wQIKi9aqzx','2016-09-01 08:22:37','2016-09-01 08:22:55'),(6,'Lorem3','lorem3@ipsum.dolor','$2y$10$5LiWYZI1sptwYzQGaLUyNOr5RzJgTzkvSt6pFfnEGJmYmwxfMoLqG',5,'6YbDO16TL6cAbrxUq75fqhCHzRijITbPrupLSeVTT6hZ3QYMtUGhOaWuBwmU','2016-09-01 08:23:14','2016-09-01 08:23:31'),(7,'Lorem4','lorem4@ipsum.dolor','$2y$10$bhDNIxh/muF6RDE.DfFKuedgHWYLUDNBJ0bGKHzFZzRolTOunUP3y',6,'PscFXtd5uevoOw4HkAJYESDIyNZuqRssJWMYb7BYzXKdsWAmhItJzNrQzRJi','2016-09-01 08:23:52','2016-09-01 08:24:03'),(8,'Lorem5','lorem5@ipsum.dolor','$2y$10$YDg.6CkfRDHuZPNhdVhbBePQaQbHQRvemGNUrd826CuXqI.3RoWQa',7,'qIFLHWo4XpaGo8qlvqTJYQaRLlu98jSNuWVPB0hOHPdR7FRasoQayrObV9B1','2016-09-01 13:29:05','2016-09-01 13:38:00'),(9,'Lorem6','Lorem6@ipsum.dolor','$2y$10$fXWeIjRLznG3hM7q.bD1leGYHYOSyNw.2J3KRTYBuoQ8SrI/7P8CK',8,'ic7jDBnZaQRZhRB9hbDapPt5PS2NNIZHcRGzIzqPqClvfZbfY8GZPOBTOTAj','2016-09-05 12:49:53','2016-09-05 12:58:05');
/*!40000 ALTER TABLE `users` ENABLE KEYS */;
UNLOCK TABLES;
/*!40103 SET TIME_ZONE=@OLD_TIME_ZONE */;

/*!40101 SET SQL_MODE=@OLD_SQL_MODE */;
/*!40014 SET FOREIGN_KEY_CHECKS=@OLD_FOREIGN_KEY_CHECKS */;
/*!40014 SET UNIQUE_CHECKS=@OLD_UNIQUE_CHECKS */;
/*!40101 SET CHARACTER_SET_CLIENT=@OLD_CHARACTER_SET_CLIENT */;
/*!40101 SET CHARACTER_SET_RESULTS=@OLD_CHARACTER_SET_RESULTS */;
/*!40101 SET COLLATION_CONNECTION=@OLD_COLLATION_CONNECTION */;
/*!40111 SET SQL_NOTES=@OLD_SQL_NOTES */;

-- Dump completed on 2016-09-05 18:29:48
